/*
 Navicat Premium Data Transfer

 Source Server         : test
 Source Server Type    : MySQL
 Source Server Version : 50726
 Source Host           : localhost:3306
 Source Schema         : educational_manage

 Target Server Type    : MySQL
 Target Server Version : 50726
 File Encoding         : 65001

 Date: 02/11/2022 22:04:25
*/

SET NAMES utf8mb4;
SET FOREIGN_KEY_CHECKS = 0;

-- ----------------------------
-- Table structure for college
-- ----------------------------
DROP TABLE IF EXISTS `college`;
CREATE TABLE `college`  (
  `collegeID` int(11) NOT NULL COMMENT '院系Id',
  `collegeName` varchar(200) CHARACTER SET utf8 COLLATE utf8_general_ci NOT NULL COMMENT '院系名称',
  PRIMARY KEY (`collegeID`) USING BTREE
) ENGINE = InnoDB CHARACTER SET = utf8 COLLATE = utf8_general_ci ROW_FORMAT = Dynamic;

-- ----------------------------
-- Records of college
-- ----------------------------
INSERT INTO `college` VALUES (1, '计算机系');
INSERT INTO `college` VALUES (2, '设计系');
INSERT INTO `college` VALUES (3, '财经系');
INSERT INTO `college` VALUES (4, '文学系');
INSERT INTO `college` VALUES (5, '电子工程系');
INSERT INTO `college` VALUES (6, '通信工程系');
INSERT INTO `college` VALUES (7, '新闻与新媒体系');
INSERT INTO `college` VALUES (8, '建筑系');
INSERT INTO `college` VALUES (9, '环境科学系');
INSERT INTO `college` VALUES (10, '心理学系');
INSERT INTO `college` VALUES (11, '政治学系');
INSERT INTO `college` VALUES (12, '西班牙语系');
INSERT INTO `college` VALUES (13, '社会工作与社会政策系');
INSERT INTO `college` VALUES (14, '考古文物系');

-- ----------------------------
-- Table structure for course
-- ----------------------------
DROP TABLE IF EXISTS `course`;
CREATE TABLE `course`  (
  `courseID` int(11) NOT NULL COMMENT '课程Id',
  `courseName` varchar(200) CHARACTER SET utf8 COLLATE utf8_general_ci NOT NULL COMMENT '课程名称',
  `teacherID` int(11) NOT NULL COMMENT '授课教师编号',
  `courseTime` varchar(200) CHARACTER SET utf8 COLLATE utf8_general_ci NULL DEFAULT NULL COMMENT '上课时间',
  `classRoom` varchar(200) CHARACTER SET utf8 COLLATE utf8_general_ci NULL DEFAULT NULL COMMENT '上课地点',
  `courseWeek` int(200) NULL DEFAULT NULL COMMENT '学时',
  `courseType` varchar(20) CHARACTER SET utf8 COLLATE utf8_general_ci NULL DEFAULT NULL COMMENT '课程类型',
  `collegeID` int(11) NOT NULL COMMENT '所属院系编号',
  `score` int(11) NOT NULL COMMENT '学分',
  PRIMARY KEY (`courseID`) USING BTREE,
  INDEX `collegeID`(`collegeID`) USING BTREE,
  INDEX `teacherID`(`teacherID`) USING BTREE
) ENGINE = InnoDB CHARACTER SET = utf8 COLLATE = utf8_general_ci ROW_FORMAT = Dynamic;

-- ----------------------------
-- Records of course
-- ----------------------------
INSERT INTO `course` VALUES (1, '信息与计算科学', 1001, '每周三上午十点', '三教', 20, '必修课', 1, 20);
INSERT INTO `course` VALUES (2, '计算机科学与技术', 1002, '一、三、五 9:00', '一教', 40, '必修课', 1, 10);
INSERT INTO `course` VALUES (3, '汉语言文学', 1004, '每周五上午十点', '三教', 3, '选修课', 10, 5);
INSERT INTO `course` VALUES (4, '电子工程技术', 1005, '每周一上午十点', '四教', 6, '公共课', 5, 6);
INSERT INTO `course` VALUES (5, '财经案例赏析', 1003, '每周五 16:00', '三教阶梯教室', 3, '公共课', 3, 3);
INSERT INTO `course` VALUES (6, '大学生心理辅导', 1001, '每周三上午十点', '一教', 3, '选修课', 1, 3);
INSERT INTO `course` VALUES (7, '新闻与自媒体', 1007, '每周三 14:30', '三教', 2, '选修课', 7, 2);
INSERT INTO `course` VALUES (8, 'CAD工具实操', 1008, '周五 14:30', '四教', 4, '必修课', 1, 4);
INSERT INTO `course` VALUES (9, '马克思主义', 1001, '每周三上午十点', '三教', 10, '选修课', 11, 8);
INSERT INTO `course` VALUES (10, '高等代数', 1001, '二、三上午十点', '三教', 30, '必修课', 1, 25);
INSERT INTO `course` VALUES (11, '数学分析', 1001, '一、四、五上午十点', '三教', 10, '必修课', 1, 10);
INSERT INTO `course` VALUES (12, '大学英语', 1001, '每周三上午十点', '三教', 5, '必修课', 7, 5);
INSERT INTO `course` VALUES (13, '考古基础', 1001, '每周三上午十点', '三教', 3, '选修课', 14, 3);

-- ----------------------------
-- Table structure for notice
-- ----------------------------
DROP TABLE IF EXISTS `notice`;
CREATE TABLE `notice`  (
  `id` int(11) NOT NULL COMMENT '公告Id',
  `title` varchar(255) CHARACTER SET utf8 COLLATE utf8_general_ci NOT NULL COMMENT '公告标题',
  `date` datetime(0) NOT NULL COMMENT '发布日期',
  `content` text CHARACTER SET utf8 COLLATE utf8_general_ci NOT NULL COMMENT '公告内容',
  `type` varchar(255) CHARACTER SET utf8 COLLATE utf8_general_ci NOT NULL COMMENT '公告类型 0：全体可见 1：教师可见 2：学生可见',
  PRIMARY KEY (`id`) USING BTREE
) ENGINE = InnoDB CHARACTER SET = utf8 COLLATE = utf8_general_ci ROW_FORMAT = Dynamic;

-- ----------------------------
-- Records of notice
-- ----------------------------
INSERT INTO `notice` VALUES (1, '基于web的机票管理系统截图展示', '2022-11-02 18:13:08', '<section id=\"nice\" data-tool=\"mdnice编辑器\" data-website=\"https://www.mdnice.com\" style=\"line-height: 1.6; word-break: break-word; word-wrap: break-word; text-align: left; padding: 5px; font-size: 16px; color: #353535; word-spacing: 0.8px; letter-spacing: 0.8px; border-radius: 16px; font-family: Optima-Regular, Optima, PingFangSC-light, PingFangTC-light, \'PingFang SC\', Cambria, Cochin, Georgia, Times, \'Times New Roman\', serif;\"><p data-tool=\"mdnice编辑器\" style=\"padding-top: 8px; padding-bottom: 8px; line-height: 1.75; margin: 0.8em 0; font-size: 16px; color: #353535;\">@</p><div class=\"table-of-contents\" data-tool=\"mdnice编辑器\"><ul style=\"margin-top: 8px; margin-bottom: 8px; padding-left: 25px; list-style-type: disc; color: #f83929; font-size: 16px;\"></ul></div><p data-tool=\"mdnice编辑器\" style=\"padding-top: 8px; padding-bottom: 8px; line-height: 1.75; margin: 0.8em 0; font-size: 16px; color: #353535;\"></p>\r\n<h4 data-tool=\"mdnice编辑器\" style=\"margin-top: 30px; margin-bottom: 15px; padding: 0px; font-weight: bold; color: black; font-size: 18px;\"><span class=\"prefix\" style=\"display: none;\"></span><span class=\"content\">01 系统介绍</span><span class=\"suffix\" style=\"display: none;\"></span></h4>\r\n<ul data-tool=\"mdnice编辑器\" style=\"margin-top: 8px; margin-bottom: 8px; padding-left: 25px; list-style-type: disc; color: #f83929; font-size: 16px;\">\r\n<li><section style=\"margin-top: 5px; margin-bottom: 5px; line-height: 26px; text-align: left; font-weight: 500; color: #353535;\">系统名称：基于Web的机票预订（管理）系统设计与实现</section></li><li><section style=\"margin-top: 5px; margin-bottom: 5px; line-height: 26px; text-align: left; font-weight: 500; color: #353535;\">开发工具：eclipse</section></li><li><section style=\"margin-top: 5px; margin-bottom: 5px; line-height: 26px; text-align: left; font-weight: 500; color: #353535;\">开发语言：Java1.8 + SSM + AngularJS</section></li><li><section style=\"margin-top: 5px; margin-bottom: 5px; line-height: 26px; text-align: left; font-weight: 500; color: #353535;\">数据库：MySql5.7</section></li><li><section style=\"margin-top: 5px; margin-bottom: 5px; line-height: 26px; text-align: left; font-weight: 500; color: #353535;\">tomcat9.0，端口：8080（flyTicket-manage-web），端口：8081（flyTicket-portal-web）</section></li></ul>\r\n<p data-tool=\"mdnice编辑器\" style=\"padding-top: 8px; padding-bottom: 8px; line-height: 1.75; margin: 0.8em 0; font-size: 16px; color: #353535;\">本系统使用Eclipse开发工具，使用Redis、MySQL数据库，采用MVC三层架构的方式，结合当前最流行的SSM框架以及支付宝沙箱支付环境来实现各个功能。系统分为用户端和管理员端。用户端实现了用户注册与登录、用户评论、机票查询，机票预订，订单查询、广告展示等功能。管理员端包括航班信息管理模块、订单信息管理模块、用户信息管理模块、留言评论管理模块、广告信息管理模块、个人信息管理模块等六大模块，具有开放体系结构的、易扩充的、易维护的、具有良好人机界面的优点。</p>\r\n<h4 data-tool=\"mdnice编辑器\" style=\"margin-top: 30px; margin-bottom: 15px; padding: 0px; font-weight: bold; color: black; font-size: 18px;\"><span class=\"prefix\" style=\"display: none;\"></span><span class=\"content\">02 下载源码</span><span class=\"suffix\" style=\"display: none;\"></span></h4>\r\n<p data-tool=\"mdnice编辑器\" style=\"padding-top: 8px; padding-bottom: 8px; line-height: 1.75; margin: 0.8em 0; font-size: 16px; color: #353535;\"><font color=\"red\"><strong style=\"font-weight: 700; color: rgb(248, 57, 41);\">获取源码请关注微信公众号：【IT学长】，回复“基于web的机票管理系统”或者“机票管理系统”</strong></font></p>\r\n<h4 data-tool=\"mdnice编辑器\" style=\"margin-top: 30px; margin-bottom: 15px; padding: 0px; font-weight: bold; color: black; font-size: 18px;\"><span class=\"prefix\" style=\"display: none;\"></span><span class=\"content\">03 工程结构</span><span class=\"suffix\" style=\"display: none;\"></span></h4>\r\n<figure data-tool=\"mdnice编辑器\" style=\"margin: 0; margin-top: 10px; margin-bottom: 10px; display: flex; flex-direction: column; justify-content: center; align-items: center; border-radius: 16px; overflow: hidden;\"><img src=\"https://img-blog.csdnimg.cn/91530618401b4b198d7396b97cee9df1.png\" alt style=\"border-radius: 6px; display: block; margin: 20px auto; max-width: 95%; object-fit: contain;\"></figure>\r\n<h4 data-tool=\"mdnice编辑器\" style=\"margin-top: 30px; margin-bottom: 15px; padding: 0px; font-weight: bold; color: black; font-size: 18px;\"><span class=\"prefix\" style=\"display: none;\"></span><span class=\"content\">04 数据库表</span><span class=\"suffix\" style=\"display: none;\"></span></h4>\r\n<section class=\"table-container\" data-tool=\"mdnice编辑器\" style=\"overflow-x: auto;\"><table style=\"display: table; text-align: left;\">\r\n<thead>\r\n<tr style=\"border: 0; border-top: 1px solid #ccc; background-color: white;\">\r\n<th style=\"border: 1px solid #ccc; padding: 5px 10px; text-align: left; font-weight: bold; font-size: 16px; color: #353535; background-color: #dbd9d8; min-width: 85px;\">表名称</th>\r\n<th style=\"border: 1px solid #ccc; padding: 5px 10px; text-align: left; font-weight: bold; font-size: 16px; color: #353535; background-color: #dbd9d8; min-width: 85px;\">说明</th>\r\n</tr>\r\n</thead>\r\n<tbody style=\"border: 0;\">\r\n<tr style=\"border: 0; border-top: 1px solid #ccc; background-color: white;\">\r\n<td style=\"border: 1px solid #ccc; padding: 5px 10px; text-align: left; font-size: 16px; color: #645647; min-width: 85px;\">admin</td>\r\n<td style=\"border: 1px solid #ccc; padding: 5px 10px; text-align: left; font-size: 16px; color: #645647; min-width: 85px;\">管理员信息表</td>\r\n</tr>\r\n<tr style=\"border: 0; border-top: 1px solid #ccc; background-color: #F8F8F8;\">\r\n<td style=\"border: 1px solid #ccc; padding: 5px 10px; text-align: left; font-size: 16px; color: #645647; min-width: 85px;\">discuss</td>\r\n<td style=\"border: 1px solid #ccc; padding: 5px 10px; text-align: left; font-size: 16px; color: #645647; min-width: 85px;\">留言评论信息表</td>\r\n</tr>\r\n<tr style=\"border: 0; border-top: 1px solid #ccc; background-color: white;\">\r\n<td style=\"border: 1px solid #ccc; padding: 5px 10px; text-align: left; font-size: 16px; color: #645647; min-width: 85px;\">flight</td>\r\n<td style=\"border: 1px solid #ccc; padding: 5px 10px; text-align: left; font-size: 16px; color: #645647; min-width: 85px;\">航班信息表</td>\r\n</tr>\r\n<tr style=\"border: 0; border-top: 1px solid #ccc; background-color: #F8F8F8;\">\r\n<td style=\"border: 1px solid #ccc; padding: 5px 10px; text-align: left; font-size: 16px; color: #645647; min-width: 85px;\">order</td>\r\n<td style=\"border: 1px solid #ccc; padding: 5px 10px; text-align: left; font-size: 16px; color: #645647; min-width: 85px;\">订单信息表</td>\r\n</tr>\r\n<tr style=\"border: 0; border-top: 1px solid #ccc; background-color: white;\">\r\n<td style=\"border: 1px solid #ccc; padding: 5px 10px; text-align: left; font-size: 16px; color: #645647; min-width: 85px;\">user</td>\r\n<td style=\"border: 1px solid #ccc; padding: 5px 10px; text-align: left; font-size: 16px; color: #645647; min-width: 85px;\">普通用户信息表</td>\r\n</tr>\r\n</tbody>\r\n</table>\r\n</section><h4 data-tool=\"mdnice编辑器\" style=\"margin-top: 30px; margin-bottom: 15px; padding: 0px; font-weight: bold; color: black; font-size: 18px;\"><span class=\"prefix\" style=\"display: none;\"></span><span class=\"content\">05 访问系统</span><span class=\"suffix\" style=\"display: none;\"></span></h4>\r\n<p data-tool=\"mdnice编辑器\" style=\"padding-top: 8px; padding-bottom: 8px; line-height: 1.75; margin: 0.8em 0; font-size: 16px; color: #353535;\"><strong style=\"font-weight: 700; color: rgb(248, 57, 41);\">管理员端（后台）</strong></p>\r\n<ul data-tool=\"mdnice编辑器\" style=\"margin-top: 8px; margin-bottom: 8px; padding-left: 25px; list-style-type: disc; color: #f83929; font-size: 16px;\">\r\n<li><section style=\"margin-top: 5px; margin-bottom: 5px; line-height: 26px; text-align: left; font-weight: 500; color: #353535;\">访问地址：http://localhost:8080/flyTicket-manage-web/</section></li><li><section style=\"margin-top: 5px; margin-bottom: 5px; line-height: 26px; text-align: left; font-weight: 500; color: #353535;\">访问用户：管理员【用户名：zzx 密码：root】</section></li></ul>\r\n<p data-tool=\"mdnice编辑器\" style=\"padding-top: 8px; padding-bottom: 8px; line-height: 1.75; margin: 0.8em 0; font-size: 16px; color: #353535;\"><strong style=\"font-weight: 700; color: rgb(248, 57, 41);\">用户端（前台）</strong></p>\r\n<ul data-tool=\"mdnice编辑器\" style=\"margin-top: 8px; margin-bottom: 8px; padding-left: 25px; list-style-type: disc; color: #f83929; font-size: 16px;\">\r\n<li><section style=\"margin-top: 5px; margin-bottom: 5px; line-height: 26px; text-align: left; font-weight: 500; color: #353535;\">访问地址：http://localhost:8081/flyTicket-portal-web/</section></li><li><section style=\"margin-top: 5px; margin-bottom: 5px; line-height: 26px; text-align: left; font-weight: 500; color: #353535;\">登录地址：http://localhost:8081/flyTicket-portal-web/default/login.html</section></li><li><section style=\"margin-top: 5px; margin-bottom: 5px; line-height: 26px; text-align: left; font-weight: 500; color: #353535;\">登录用户：普通用户【用户名：测试用户1 密码：test1】 普通用户【用户名：测试用户2 密码：test2】</section></li></ul>\r\n<p data-tool=\"mdnice编辑器\" style=\"padding-top: 8px; padding-bottom: 8px; line-height: 1.75; margin: 0.8em 0; font-size: 16px; color: #353535;\">注：访问系统前提是先把系统运行起来</p>\r\n<h4 data-tool=\"mdnice编辑器\" style=\"margin-top: 30px; margin-bottom: 15px; padding: 0px; font-weight: bold; color: black; font-size: 18px;\"><span class=\"prefix\" style=\"display: none;\"></span><span class=\"content\">06 技术支持</span><span class=\"suffix\" style=\"display: none;\"></span></h4>\r\n<p data-tool=\"mdnice编辑器\" style=\"padding-top: 8px; padding-bottom: 8px; line-height: 1.75; margin: 0.8em 0; font-size: 16px; color: #353535;\">你在学习使用过程中有任何问题请添加学长微信：itxzzzx</p>\r\n<ul data-tool=\"mdnice编辑器\" style=\"margin-top: 8px; margin-bottom: 8px; padding-left: 25px; list-style-type: disc; color: #f83929; font-size: 16px;\">\r\n<li><section style=\"margin-top: 5px; margin-bottom: 5px; line-height: 26px; text-align: left; font-weight: 500; color: #353535;\">开发文档：<a href=\"https://mp.weixin.qq.com/s/G9JiMfcU6Mucp1_rP0A2MA\" style=\"text-decoration: none; word-wrap: break-word; color: rgb(248, 57, 41); font-weight: 400; border-bottom: 1px solid rgb(248, 57, 41);\">基于Web的机票管理系统设计与实现（附源码下载地址）</a></section></li><li><section style=\"margin-top: 5px; margin-bottom: 5px; line-height: 26px; text-align: left; font-weight: 500; color: #353535;\">运行教程：<a href=\"https://mp.weixin.qq.com/s/L0Q1dUzOSckPxpURsUu6Eg\" style=\"text-decoration: none; word-wrap: break-word; color: rgb(248, 57, 41); font-weight: 400; border-bottom: 1px solid rgb(248, 57, 41);\">基于Web的机票管理系统运行教程</a></section></li></ul>\r\n<h4 data-tool=\"mdnice编辑器\" style=\"margin-top: 30px; margin-bottom: 15px; padding: 0px; font-weight: bold; color: black; font-size: 18px;\"><span class=\"prefix\" style=\"display: none;\"></span><span class=\"content\">07 功能展示</span><span class=\"suffix\" style=\"display: none;\"></span></h4>\r\n<p data-tool=\"mdnice编辑器\" style=\"padding-top: 8px; padding-bottom: 8px; line-height: 1.75; margin: 0.8em 0; font-size: 16px; color: #353535;\"><strong style=\"font-weight: 700; color: rgb(248, 57, 41);\">管理端：</strong></p>\r\n<p data-tool=\"mdnice编辑器\" style=\"padding-top: 8px; padding-bottom: 8px; line-height: 1.75; margin: 0.8em 0; font-size: 16px; color: #353535;\">登录：</p>\r\n<figure data-tool=\"mdnice编辑器\" style=\"margin: 0; margin-top: 10px; margin-bottom: 10px; display: flex; flex-direction: column; justify-content: center; align-items: center; border-radius: 16px; overflow: hidden;\"><img src=\"https://img-blog.csdnimg.cn/bf89c65e83a5469089c228326a56fa36.png\" alt style=\"border-radius: 6px; display: block; margin: 20px auto; max-width: 95%; object-fit: contain;\"></figure>\r\n<p data-tool=\"mdnice编辑器\" style=\"padding-top: 8px; padding-bottom: 8px; line-height: 1.75; margin: 0.8em 0; font-size: 16px; color: #353535;\">首页：</p>\r\n<figure data-tool=\"mdnice编辑器\" style=\"margin: 0; margin-top: 10px; margin-bottom: 10px; display: flex; flex-direction: column; justify-content: center; align-items: center; border-radius: 16px; overflow: hidden;\"><img src=\"https://img-blog.csdnimg.cn/f75003a4d92f4655a7ebaafcd0682f1a.png\" alt style=\"border-radius: 6px; display: block; margin: 20px auto; max-width: 95%; object-fit: contain;\"></figure>\r\n<p data-tool=\"mdnice编辑器\" style=\"padding-top: 8px; padding-bottom: 8px; line-height: 1.75; margin: 0.8em 0; font-size: 16px; color: #353535;\">航班信息管理：</p>\r\n<figure data-tool=\"mdnice编辑器\" style=\"margin: 0; margin-top: 10px; margin-bottom: 10px; display: flex; flex-direction: column; justify-content: center; align-items: center; border-radius: 16px; overflow: hidden;\"><img src=\"https://img-blog.csdnimg.cn/376d62b728374c12879021e00e165639.png\" alt style=\"border-radius: 6px; display: block; margin: 20px auto; max-width: 95%; object-fit: contain;\"></figure>\r\n<figure data-tool=\"mdnice编辑器\" style=\"margin: 0; margin-top: 10px; margin-bottom: 10px; display: flex; flex-direction: column; justify-content: center; align-items: center; border-radius: 16px; overflow: hidden;\"><img src=\"https://img-blog.csdnimg.cn/b83b5170ef784e2bbb1c49b4e426d945.png\" alt style=\"border-radius: 6px; display: block; margin: 20px auto; max-width: 95%; object-fit: contain;\"></figure>\r\n<figure data-tool=\"mdnice编辑器\" style=\"margin: 0; margin-top: 10px; margin-bottom: 10px; display: flex; flex-direction: column; justify-content: center; align-items: center; border-radius: 16px; overflow: hidden;\"><img src=\"https://img-blog.csdnimg.cn/bfd8db02331d481483d6bfceaf488701.png\" alt style=\"border-radius: 6px; display: block; margin: 20px auto; max-width: 95%; object-fit: contain;\"></figure>\r\n<figure data-tool=\"mdnice编辑器\" style=\"margin: 0; margin-top: 10px; margin-bottom: 10px; display: flex; flex-direction: column; justify-content: center; align-items: center; border-radius: 16px; overflow: hidden;\"><img src=\"https://img-blog.csdnimg.cn/507f86083d404c0faaeec789bf128e86.png\" alt style=\"border-radius: 6px; display: block; margin: 20px auto; max-width: 95%; object-fit: contain;\"></figure>\r\n<p data-tool=\"mdnice编辑器\" style=\"padding-top: 8px; padding-bottom: 8px; line-height: 1.75; margin: 0.8em 0; font-size: 16px; color: #353535;\">订单信息管理：</p>\r\n<figure data-tool=\"mdnice编辑器\" style=\"margin: 0; margin-top: 10px; margin-bottom: 10px; display: flex; flex-direction: column; justify-content: center; align-items: center; border-radius: 16px; overflow: hidden;\"><img src=\"https://img-blog.csdnimg.cn/f263252d702347b98da32b2442fb267b.png\" alt style=\"border-radius: 6px; display: block; margin: 20px auto; max-width: 95%; object-fit: contain;\"></figure>\r\n<p data-tool=\"mdnice编辑器\" style=\"padding-top: 8px; padding-bottom: 8px; line-height: 1.75; margin: 0.8em 0; font-size: 16px; color: #353535;\">用户信息管理：</p>\r\n<figure data-tool=\"mdnice编辑器\" style=\"margin: 0; margin-top: 10px; margin-bottom: 10px; display: flex; flex-direction: column; justify-content: center; align-items: center; border-radius: 16px; overflow: hidden;\"><img src=\"https://img-blog.csdnimg.cn/d690f28d7f6c4f1aa7611eba401e692f.png\" alt style=\"border-radius: 6px; display: block; margin: 20px auto; max-width: 95%; object-fit: contain;\"></figure>\r\n<p data-tool=\"mdnice编辑器\" style=\"padding-top: 8px; padding-bottom: 8px; line-height: 1.75; margin: 0.8em 0; font-size: 16px; color: #353535;\">留言评论管理：</p>\r\n<figure data-tool=\"mdnice编辑器\" style=\"margin: 0; margin-top: 10px; margin-bottom: 10px; display: flex; flex-direction: column; justify-content: center; align-items: center; border-radius: 16px; overflow: hidden;\"><img src=\"https://img-blog.csdnimg.cn/cca8a2ce8d3a415abdf1a9006d9b028d.png\" alt style=\"border-radius: 6px; display: block; margin: 20px auto; max-width: 95%; object-fit: contain;\"></figure>\r\n<p data-tool=\"mdnice编辑器\" style=\"padding-top: 8px; padding-bottom: 8px; line-height: 1.75; margin: 0.8em 0; font-size: 16px; color: #353535;\">广告信息管理：</p>\r\n<figure data-tool=\"mdnice编辑器\" style=\"margin: 0; margin-top: 10px; margin-bottom: 10px; display: flex; flex-direction: column; justify-content: center; align-items: center; border-radius: 16px; overflow: hidden;\"><img src=\"https://img-blog.csdnimg.cn/02937187d4954044a5d9a17096f900a4.png\" alt style=\"border-radius: 6px; display: block; margin: 20px auto; max-width: 95%; object-fit: contain;\"></figure>\r\n<figure data-tool=\"mdnice编辑器\" style=\"margin: 0; margin-top: 10px; margin-bottom: 10px; display: flex; flex-direction: column; justify-content: center; align-items: center; border-radius: 16px; overflow: hidden;\"><img src=\"https://img-blog.csdnimg.cn/da3cc279b87442d888e36ba176f830af.png\" alt style=\"border-radius: 6px; display: block; margin: 20px auto; max-width: 95%; object-fit: contain;\"></figure>\r\n<p data-tool=\"mdnice编辑器\" style=\"padding-top: 8px; padding-bottom: 8px; line-height: 1.75; margin: 0.8em 0; font-size: 16px; color: #353535;\">个人信息管理：</p>\r\n<figure data-tool=\"mdnice编辑器\" style=\"margin: 0; margin-top: 10px; margin-bottom: 10px; display: flex; flex-direction: column; justify-content: center; align-items: center; border-radius: 16px; overflow: hidden;\"><img src=\"https://img-blog.csdnimg.cn/393e80e9af2a488795501a08e2c53949.png\" alt style=\"border-radius: 6px; display: block; margin: 20px auto; max-width: 95%; object-fit: contain;\"></figure>\r\n<p data-tool=\"mdnice编辑器\" style=\"padding-top: 8px; padding-bottom: 8px; line-height: 1.75; margin: 0.8em 0; font-size: 16px; color: #353535;\"><strong style=\"font-weight: 700; color: rgb(248, 57, 41);\">用户端：</strong></p>\r\n<p data-tool=\"mdnice编辑器\" style=\"padding-top: 8px; padding-bottom: 8px; line-height: 1.75; margin: 0.8em 0; font-size: 16px; color: #353535;\">登录：</p>\r\n<figure data-tool=\"mdnice编辑器\" style=\"margin: 0; margin-top: 10px; margin-bottom: 10px; display: flex; flex-direction: column; justify-content: center; align-items: center; border-radius: 16px; overflow: hidden;\"><img src=\"https://img-blog.csdnimg.cn/05e4e7999b524f4fac3fb1ad18ba8393.png\" alt style=\"border-radius: 6px; display: block; margin: 20px auto; max-width: 95%; object-fit: contain;\"></figure>\r\n<p data-tool=\"mdnice编辑器\" style=\"padding-top: 8px; padding-bottom: 8px; line-height: 1.75; margin: 0.8em 0; font-size: 16px; color: #353535;\">首页：</p>\r\n<figure data-tool=\"mdnice编辑器\" style=\"margin: 0; margin-top: 10px; margin-bottom: 10px; display: flex; flex-direction: column; justify-content: center; align-items: center; border-radius: 16px; overflow: hidden;\"><img src=\"https://img-blog.csdnimg.cn/21c293ee91b54666a9ddc8552d59d02d.png\" alt style=\"border-radius: 6px; display: block; margin: 20px auto; max-width: 95%; object-fit: contain;\"></figure>\r\n<p data-tool=\"mdnice编辑器\" style=\"padding-top: 8px; padding-bottom: 8px; line-height: 1.75; margin: 0.8em 0; font-size: 16px; color: #353535;\">航班信息详情：</p>\r\n<figure data-tool=\"mdnice编辑器\" style=\"margin: 0; margin-top: 10px; margin-bottom: 10px; display: flex; flex-direction: column; justify-content: center; align-items: center; border-radius: 16px; overflow: hidden;\"><img src=\"https://img-blog.csdnimg.cn/5e8c3d403b0148c48eb865c47a0d3923.png\" alt style=\"border-radius: 6px; display: block; margin: 20px auto; max-width: 95%; object-fit: contain;\"></figure>\r\n<p data-tool=\"mdnice编辑器\" style=\"padding-top: 8px; padding-bottom: 8px; line-height: 1.75; margin: 0.8em 0; font-size: 16px; color: #353535;\">留言板：</p>\r\n<figure data-tool=\"mdnice编辑器\" style=\"margin: 0; margin-top: 10px; margin-bottom: 10px; display: flex; flex-direction: column; justify-content: center; align-items: center; border-radius: 16px; overflow: hidden;\"><img src=\"https://img-blog.csdnimg.cn/cfd693d776a7424287b4754eac09fe02.png\" alt style=\"border-radius: 6px; display: block; margin: 20px auto; max-width: 95%; object-fit: contain;\"></figure>\r\n<p data-tool=\"mdnice编辑器\" style=\"padding-top: 8px; padding-bottom: 8px; line-height: 1.75; margin: 0.8em 0; font-size: 16px; color: #353535;\">订单填写：</p>\r\n<figure data-tool=\"mdnice编辑器\" style=\"margin: 0; margin-top: 10px; margin-bottom: 10px; display: flex; flex-direction: column; justify-content: center; align-items: center; border-radius: 16px; overflow: hidden;\"><img src=\"https://img-blog.csdnimg.cn/38b4c20e34c24d3a93060de5e6dcc7ed.png\" alt style=\"border-radius: 6px; display: block; margin: 20px auto; max-width: 95%; object-fit: contain;\"></figure>\r\n<p data-tool=\"mdnice编辑器\" style=\"padding-top: 8px; padding-bottom: 8px; line-height: 1.75; margin: 0.8em 0; font-size: 16px; color: #353535;\">订单详情：</p>\r\n<figure data-tool=\"mdnice编辑器\" style=\"margin: 0; margin-top: 10px; margin-bottom: 10px; display: flex; flex-direction: column; justify-content: center; align-items: center; border-radius: 16px; overflow: hidden;\"><img src=\"https://img-blog.csdnimg.cn/49b88cd1e40d46f9bbd29910e6a37a34.png\" alt style=\"border-radius: 6px; display: block; margin: 20px auto; max-width: 95%; object-fit: contain;\"></figure>\r\n<p data-tool=\"mdnice编辑器\" style=\"padding-top: 8px; padding-bottom: 8px; line-height: 1.75; margin: 0.8em 0; font-size: 16px; color: #353535;\">订单支付：</p>\r\n<figure data-tool=\"mdnice编辑器\" style=\"margin: 0; margin-top: 10px; margin-bottom: 10px; display: flex; flex-direction: column; justify-content: center; align-items: center; border-radius: 16px; overflow: hidden;\"><img src=\"https://img-blog.csdnimg.cn/725839aa9b214954b14bd6a667dfcdc5.png\" alt style=\"border-radius: 6px; display: block; margin: 20px auto; max-width: 95%; object-fit: contain;\"></figure>\r\n<figure data-tool=\"mdnice编辑器\" style=\"margin: 0; margin-top: 10px; margin-bottom: 10px; display: flex; flex-direction: column; justify-content: center; align-items: center; border-radius: 16px; overflow: hidden;\"><img src=\"https://img-blog.csdnimg.cn/eef4032e763c4d05aab2f99f39cf97af.png\" alt style=\"border-radius: 6px; display: block; margin: 20px auto; max-width: 95%; object-fit: contain;\"></figure>\r\n<figure data-tool=\"mdnice编辑器\" style=\"margin: 0; margin-top: 10px; margin-bottom: 10px; display: flex; flex-direction: column; justify-content: center; align-items: center; border-radius: 16px; overflow: hidden;\"><img src=\"https://img-blog.csdnimg.cn/1d313977939e491da4b94fc7c2f36e79.png\" alt style=\"border-radius: 6px; display: block; margin: 20px auto; max-width: 95%; object-fit: contain;\"></figure>\r\n<p data-tool=\"mdnice编辑器\" style=\"padding-top: 8px; padding-bottom: 8px; line-height: 1.75; margin: 0.8em 0; font-size: 16px; color: #353535;\">我的订单：</p>\r\n<figure data-tool=\"mdnice编辑器\" style=\"margin: 0; margin-top: 10px; margin-bottom: 10px; display: flex; flex-direction: column; justify-content: center; align-items: center; border-radius: 16px; overflow: hidden;\"><img src=\"https://img-blog.csdnimg.cn/0186f2a4ea9d497089f17fb6181e9a08.png\" alt style=\"border-radius: 6px; display: block; margin: 20px auto; max-width: 95%; object-fit: contain;\"></figure>\r\n<p data-tool=\"mdnice编辑器\" style=\"padding-top: 8px; padding-bottom: 8px; line-height: 1.75; margin: 0.8em 0; font-size: 16px; color: #353535;\">本期就分享到这里了，记得一键三连！！</p>\r\n</section>', '0');
INSERT INTO `notice` VALUES (2, '基于Web的图书管理系统截图演示', '2022-11-02 18:15:53', '<section id=\"nice\" data-tool=\"mdnice编辑器\" data-website=\"https://www.mdnice.com\" style=\"line-height: 1.6; word-break: break-word; word-wrap: break-word; text-align: left; padding: 5px; font-size: 16px; color: #353535; word-spacing: 0.8px; letter-spacing: 0.8px; border-radius: 16px; font-family: Optima-Regular, Optima, PingFangSC-light, PingFangTC-light, \'PingFang SC\', Cambria, Cochin, Georgia, Times, \'Times New Roman\', serif;\"><p data-tool=\"mdnice编辑器\" style=\"padding-top: 8px; padding-bottom: 8px; line-height: 1.75; margin: 0.8em 0; font-size: 16px; color: #353535;\">@</p><div class=\"table-of-contents\" data-tool=\"mdnice编辑器\"><ul style=\"margin-top: 8px; margin-bottom: 8px; padding-left: 25px; list-style-type: disc; color: #f83929; font-size: 16px;\"></ul></div><p data-tool=\"mdnice编辑器\" style=\"padding-top: 8px; padding-bottom: 8px; line-height: 1.75; margin: 0.8em 0; font-size: 16px; color: #353535;\"></p>\r\n<h4 data-tool=\"mdnice编辑器\" style=\"margin-top: 30px; margin-bottom: 15px; padding: 0px; font-weight: bold; color: black; font-size: 18px;\"><span class=\"prefix\" style=\"display: none;\"></span><span class=\"content\">01 系统介绍</span><span class=\"suffix\" style=\"display: none;\"></span></h4>\r\n<ul data-tool=\"mdnice编辑器\" style=\"margin-top: 8px; margin-bottom: 8px; padding-left: 25px; list-style-type: disc; color: #f83929; font-size: 16px;\">\r\n<li><section style=\"margin-top: 5px; margin-bottom: 5px; line-height: 26px; text-align: left; font-weight: 500; color: #353535;\">系统名称：图书管理系统（manage_books）</section></li><li><section style=\"margin-top: 5px; margin-bottom: 5px; line-height: 26px; text-align: left; font-weight: 500; color: #353535;\">开发工具：eclipse</section></li><li><section style=\"margin-top: 5px; margin-bottom: 5px; line-height: 26px; text-align: left; font-weight: 500; color: #353535;\">开发语言：Servlet+Jsp+Java1.8</section></li><li><section style=\"margin-top: 5px; margin-bottom: 5px; line-height: 26px; text-align: left; font-weight: 500; color: #353535;\">数据库：MySql5.7</section></li><li><section style=\"margin-top: 5px; margin-bottom: 5px; line-height: 26px; text-align: left; font-weight: 500; color: #353535;\">tomcat9.0，端口：8080</section></li></ul>\r\n<p data-tool=\"mdnice编辑器\" style=\"padding-top: 8px; padding-bottom: 8px; line-height: 1.75; margin: 0.8em 0; font-size: 16px; color: #353535;\">本系统采用Java+Servlet+Jsp 的方式实现图书管理系统。系统的用户主要有两大类：一是图书管理系统的管理员，二是普通用户。根据用户类型的不同，将系统划分为普通用户端和管理员端，它们具有的主要功能如下：</p>\r\n<p data-tool=\"mdnice编辑器\" style=\"padding-top: 8px; padding-bottom: 8px; line-height: 1.75; margin: 0.8em 0; font-size: 16px; color: #353535;\"><strong style=\"font-weight: 700; color: rgb(248, 57, 41);\">普通用户：</strong></p>\r\n<ol data-tool=\"mdnice编辑器\" style=\"margin-top: 8px; margin-bottom: 8px; padding-left: 25px; list-style-type: decimal; color: #f83929; font-size: 16px;\">\r\n<li><section style=\"margin-top: 5px; margin-bottom: 5px; line-height: 26px; text-align: left; font-weight: 500; color: #353535;\">图书查询：根据图书编号、图书名称查询图书信息，可查询图书的编号、名称、分类、作者、价格、在馆数量等。</section></li><li><section style=\"margin-top: 5px; margin-bottom: 5px; line-height: 26px; text-align: left; font-weight: 500; color: #353535;\">借阅信息：可查询图书的基本信息、借阅日期、截止还书日期、超期天数等。</section></li><li><section style=\"margin-top: 5px; margin-bottom: 5px; line-height: 26px; text-align: left; font-weight: 500; color: #353535;\">借阅历史：查询自己以往的借阅历史，包括哪些图书等具体信息。</section></li><li><section style=\"margin-top: 5px; margin-bottom: 5px; line-height: 26px; text-align: left; font-weight: 500; color: #353535;\">我的：查看个人资料，修改账户密码，退出系统。</section></li></ol>\r\n<p data-tool=\"mdnice编辑器\" style=\"padding-top: 8px; padding-bottom: 8px; line-height: 1.75; margin: 0.8em 0; font-size: 16px; color: #353535;\"><strong style=\"font-weight: 700; color: rgb(248, 57, 41);\">管理员：</strong></p>\r\n<ol data-tool=\"mdnice编辑器\" style=\"margin-top: 8px; margin-bottom: 8px; padding-left: 25px; list-style-type: decimal; color: #f83929; font-size: 16px;\">\r\n<li><section style=\"margin-top: 5px; margin-bottom: 5px; line-height: 26px; text-align: left; font-weight: 500; color: #353535;\">图书管理：根据图书编号、图书名称查询图书基本信息，添加、修改、删除图书。</section></li><li><section style=\"margin-top: 5px; margin-bottom: 5px; line-height: 26px; text-align: left; font-weight: 500; color: #353535;\">图书分类管理：根据分类名称查询图书分类信息，添加、修改、删除图书分类。</section></li><li><section style=\"margin-top: 5px; margin-bottom: 5px; line-height: 26px; text-align: left; font-weight: 500; color: #353535;\">图书借阅：展示所有正在借阅图书的信息。</section></li><li><section style=\"margin-top: 5px; margin-bottom: 5px; line-height: 26px; text-align: left; font-weight: 500; color: #353535;\">图书归还：展示所有已归还图书的信息。</section></li><li><section style=\"margin-top: 5px; margin-bottom: 5px; line-height: 26px; text-align: left; font-weight: 500; color: #353535;\">公告管理：向用户发布公告。</section></li><li><section style=\"margin-top: 5px; margin-bottom: 5px; line-height: 26px; text-align: left; font-weight: 500; color: #353535;\">读者管理：根据账号、姓名查询读者基本信息，添加、修改、删除读者信息。</section></li><li><section style=\"margin-top: 5px; margin-bottom: 5px; line-height: 26px; text-align: left; font-weight: 500; color: #353535;\">我的：查看个人资料，修改账户密码，退出系统。</section></li></ol>\r\n<h4 data-tool=\"mdnice编辑器\" style=\"margin-top: 30px; margin-bottom: 15px; padding: 0px; font-weight: bold; color: black; font-size: 18px;\"><span class=\"prefix\" style=\"display: none;\"></span><span class=\"content\">02 下载源码</span><span class=\"suffix\" style=\"display: none;\"></span></h4>\r\n<p data-tool=\"mdnice编辑器\" style=\"padding-top: 8px; padding-bottom: 8px; line-height: 1.75; margin: 0.8em 0; font-size: 16px; color: #353535;\"><strong style=\"font-weight: 700; color: rgb(248, 57, 41);\">微信搜索公众号【IT学长】，回复“基于web的图书管理系统”下载源码</strong></p>\r\n<h4 data-tool=\"mdnice编辑器\" style=\"margin-top: 30px; margin-bottom: 15px; padding: 0px; font-weight: bold; color: black; font-size: 18px;\"><span class=\"prefix\" style=\"display: none;\"></span><span class=\"content\">03 工程结构</span><span class=\"suffix\" style=\"display: none;\"></span></h4>\r\n<figure data-tool=\"mdnice编辑器\" style=\"margin: 0; margin-top: 10px; margin-bottom: 10px; display: flex; flex-direction: column; justify-content: center; align-items: center; border-radius: 16px; overflow: hidden;\"><img src=\"https://img-blog.csdnimg.cn/616d81a4250740418ac13a13b5bb36fc.png\" alt style=\"border-radius: 6px; display: block; margin: 20px auto; max-width: 95%; object-fit: contain;\"></figure>\r\n<h4 data-tool=\"mdnice编辑器\" style=\"margin-top: 30px; margin-bottom: 15px; padding: 0px; font-weight: bold; color: black; font-size: 18px;\"><span class=\"prefix\" style=\"display: none;\"></span><span class=\"content\">04 访问系统</span><span class=\"suffix\" style=\"display: none;\"></span></h4>\r\n<ul data-tool=\"mdnice编辑器\" style=\"margin-top: 8px; margin-bottom: 8px; padding-left: 25px; list-style-type: disc; color: #f83929; font-size: 16px;\">\r\n<li><section style=\"margin-top: 5px; margin-bottom: 5px; line-height: 26px; text-align: left; font-weight: 500; color: #353535;\">访问地址：http://localhost:8080/manage_books</section></li><li><section style=\"margin-top: 5px; margin-bottom: 5px; line-height: 26px; text-align: left; font-weight: 500; color: #353535;\">访问用户：  系统管理员【用户名：admin 密码：admin】 普通用户【用户名：user 密码：user】</section></li></ul>\r\n<p data-tool=\"mdnice编辑器\" style=\"padding-top: 8px; padding-bottom: 8px; line-height: 1.75; margin: 0.8em 0; font-size: 16px; color: #353535;\">注：访问系统前提是先把系统运行起来</p>\r\n<h4 data-tool=\"mdnice编辑器\" style=\"margin-top: 30px; margin-bottom: 15px; padding: 0px; font-weight: bold; color: black; font-size: 18px;\"><span class=\"prefix\" style=\"display: none;\"></span><span class=\"content\">05 技术支持</span><span class=\"suffix\" style=\"display: none;\"></span></h4>\r\n<p data-tool=\"mdnice编辑器\" style=\"padding-top: 8px; padding-bottom: 8px; line-height: 1.75; margin: 0.8em 0; font-size: 16px; color: #353535;\">你在学习使用过程中有任何问题请添加学长微信：itxzzzx</p>\r\n<ul data-tool=\"mdnice编辑器\" style=\"margin-top: 8px; margin-bottom: 8px; padding-left: 25px; list-style-type: disc; color: #f83929; font-size: 16px;\">\r\n<li><section style=\"margin-top: 5px; margin-bottom: 5px; line-height: 26px; text-align: left; font-weight: 500; color: #353535;\">开发文档：<a href=\"https://mp.weixin.qq.com/s/zZ40HrMcNoUx87aH8dGfhw\" style=\"text-decoration: none; word-wrap: break-word; color: rgb(248, 57, 41); font-weight: 400; border-bottom: 1px solid rgb(248, 57, 41);\">图书管理系统设计与实现（附源码下载地址）</a></section></li><li><section style=\"margin-top: 5px; margin-bottom: 5px; line-height: 26px; text-align: left; font-weight: 500; color: #353535;\">运行教程：<a href=\"https://mp.weixin.qq.com/s/tMrcyR2cpHfZ4NjGdBUIrA\" style=\"text-decoration: none; word-wrap: break-word; color: rgb(248, 57, 41); font-weight: 400; border-bottom: 1px solid rgb(248, 57, 41);\">图书管理系统运行教程</a></section></li></ul>\r\n<h4 data-tool=\"mdnice编辑器\" style=\"margin-top: 30px; margin-bottom: 15px; padding: 0px; font-weight: bold; color: black; font-size: 18px;\"><span class=\"prefix\" style=\"display: none;\"></span><span class=\"content\">06 功能展示</span><span class=\"suffix\" style=\"display: none;\"></span></h4>\r\n<h5 data-tool=\"mdnice编辑器\" style=\"margin-top: 30px; margin-bottom: 15px; padding: 0px; font-weight: bold; color: black; font-size: 16px;\"><span class=\"prefix\" style=\"display: none;\"></span><span class=\"content\">管理员</span><span class=\"suffix\" style=\"display: none;\"></span></h5>\r\n<p data-tool=\"mdnice编辑器\" style=\"padding-top: 8px; padding-bottom: 8px; line-height: 1.75; margin: 0.8em 0; font-size: 16px; color: #353535;\">1、登录</p>\r\n<p data-tool=\"mdnice编辑器\" style=\"padding-top: 8px; padding-bottom: 8px; line-height: 1.75; margin: 0.8em 0; font-size: 16px; color: #353535;\"><img src=\"https://img-blog.csdnimg.cn/5692162349c64ab1a918bedc0503e10b.png\" alt style=\"border-radius: 6px; display: block; margin: 20px auto; max-width: 95%; object-fit: contain;\">\r\n2、首页</p>\r\n<p data-tool=\"mdnice编辑器\" style=\"padding-top: 8px; padding-bottom: 8px; line-height: 1.75; margin: 0.8em 0; font-size: 16px; color: #353535;\"><img src=\"https://img-blog.csdnimg.cn/76f141779ed94bcc8a36bb7a8caad12a.png\" alt style=\"border-radius: 6px; display: block; margin: 20px auto; max-width: 95%; object-fit: contain;\">\r\n3、图书管理</p>\r\n<p data-tool=\"mdnice编辑器\" style=\"padding-top: 8px; padding-bottom: 8px; line-height: 1.75; margin: 0.8em 0; font-size: 16px; color: #353535;\"><img src=\"https://img-blog.csdnimg.cn/86786719348f436fa8caecd89e539cb6.png\" alt style=\"border-radius: 6px; display: block; margin: 20px auto; max-width: 95%; object-fit: contain;\">\r\n<img src=\"https://img-blog.csdnimg.cn/08ab398070124e50b63df8c187547ad5.png\" alt style=\"border-radius: 6px; display: block; margin: 20px auto; max-width: 95%; object-fit: contain;\"></p>\r\n<p data-tool=\"mdnice编辑器\" style=\"padding-top: 8px; padding-bottom: 8px; line-height: 1.75; margin: 0.8em 0; font-size: 16px; color: #353535;\">4、图书分类管理</p>\r\n<p data-tool=\"mdnice编辑器\" style=\"padding-top: 8px; padding-bottom: 8px; line-height: 1.75; margin: 0.8em 0; font-size: 16px; color: #353535;\"><img src=\"https://img-blog.csdnimg.cn/71336e7601c1487ba3eba541561c88fb.png\" alt style=\"border-radius: 6px; display: block; margin: 20px auto; max-width: 95%; object-fit: contain;\">\r\n5、图书借阅信息</p>\r\n<p data-tool=\"mdnice编辑器\" style=\"padding-top: 8px; padding-bottom: 8px; line-height: 1.75; margin: 0.8em 0; font-size: 16px; color: #353535;\"><img src=\"https://img-blog.csdnimg.cn/01bf1e72a5914758ab93b71b36dcc75f.png\" alt style=\"border-radius: 6px; display: block; margin: 20px auto; max-width: 95%; object-fit: contain;\">\r\n6、图书归还信息</p>\r\n<figure data-tool=\"mdnice编辑器\" style=\"margin: 0; margin-top: 10px; margin-bottom: 10px; display: flex; flex-direction: column; justify-content: center; align-items: center; border-radius: 16px; overflow: hidden;\"><img src=\"https://img-blog.csdnimg.cn/332e621234ce4fe9885ff4a38cc675a1.png\" alt style=\"border-radius: 6px; display: block; margin: 20px auto; max-width: 95%; object-fit: contain;\"></figure>\r\n<p data-tool=\"mdnice编辑器\" style=\"padding-top: 8px; padding-bottom: 8px; line-height: 1.75; margin: 0.8em 0; font-size: 16px; color: #353535;\">7、公告管理</p>\r\n<p data-tool=\"mdnice编辑器\" style=\"padding-top: 8px; padding-bottom: 8px; line-height: 1.75; margin: 0.8em 0; font-size: 16px; color: #353535;\"><img src=\"https://img-blog.csdnimg.cn/719f39962b5c4b3db95e2837f3c379ff.png\" alt style=\"border-radius: 6px; display: block; margin: 20px auto; max-width: 95%; object-fit: contain;\">\r\n8、读者管理</p>\r\n<figure data-tool=\"mdnice编辑器\" style=\"margin: 0; margin-top: 10px; margin-bottom: 10px; display: flex; flex-direction: column; justify-content: center; align-items: center; border-radius: 16px; overflow: hidden;\"><img src=\"https://img-blog.csdnimg.cn/c7e0ea62e14e4812a391b95979e9b481.png\" alt style=\"border-radius: 6px; display: block; margin: 20px auto; max-width: 95%; object-fit: contain;\"></figure>\r\n<figure data-tool=\"mdnice编辑器\" style=\"margin: 0; margin-top: 10px; margin-bottom: 10px; display: flex; flex-direction: column; justify-content: center; align-items: center; border-radius: 16px; overflow: hidden;\"><img src=\"https://img-blog.csdnimg.cn/059fe97a5da14b039b144b4d4603083d.png\" alt style=\"border-radius: 6px; display: block; margin: 20px auto; max-width: 95%; object-fit: contain;\"></figure>\r\n<h5 data-tool=\"mdnice编辑器\" style=\"margin-top: 30px; margin-bottom: 15px; padding: 0px; font-weight: bold; color: black; font-size: 16px;\"><span class=\"prefix\" style=\"display: none;\"></span><span class=\"content\">普通用户</span><span class=\"suffix\" style=\"display: none;\"></span></h5>\r\n<p data-tool=\"mdnice编辑器\" style=\"padding-top: 8px; padding-bottom: 8px; line-height: 1.75; margin: 0.8em 0; font-size: 16px; color: #353535;\">1、首页</p>\r\n<p data-tool=\"mdnice编辑器\" style=\"padding-top: 8px; padding-bottom: 8px; line-height: 1.75; margin: 0.8em 0; font-size: 16px; color: #353535;\"><img src=\"https://img-blog.csdnimg.cn/d8b1f7636a3b4aca8dd36a63e32db2ed.png\" alt style=\"border-radius: 6px; display: block; margin: 20px auto; max-width: 95%; object-fit: contain;\">\r\n2、图书查询</p>\r\n<figure data-tool=\"mdnice编辑器\" style=\"margin: 0; margin-top: 10px; margin-bottom: 10px; display: flex; flex-direction: column; justify-content: center; align-items: center; border-radius: 16px; overflow: hidden;\"><img src=\"https://img-blog.csdnimg.cn/da7d6e72cda140b5ad31bd60ed966470.png\" alt style=\"border-radius: 6px; display: block; margin: 20px auto; max-width: 95%; object-fit: contain;\"></figure>\r\n<p data-tool=\"mdnice编辑器\" style=\"padding-top: 8px; padding-bottom: 8px; line-height: 1.75; margin: 0.8em 0; font-size: 16px; color: #353535;\">3、借阅信息</p>\r\n<figure data-tool=\"mdnice编辑器\" style=\"margin: 0; margin-top: 10px; margin-bottom: 10px; display: flex; flex-direction: column; justify-content: center; align-items: center; border-radius: 16px; overflow: hidden;\"><img src=\"https://img-blog.csdnimg.cn/6f557e2f30a34b6e9ff136b3d7859f61.png\" alt style=\"border-radius: 6px; display: block; margin: 20px auto; max-width: 95%; object-fit: contain;\"></figure>\r\n<p data-tool=\"mdnice编辑器\" style=\"padding-top: 8px; padding-bottom: 8px; line-height: 1.75; margin: 0.8em 0; font-size: 16px; color: #353535;\">4、借阅历史</p>\r\n<figure data-tool=\"mdnice编辑器\" style=\"margin: 0; margin-top: 10px; margin-bottom: 10px; display: flex; flex-direction: column; justify-content: center; align-items: center; border-radius: 16px; overflow: hidden;\"><img src=\"https://img-blog.csdnimg.cn/d2f3c9927c504722bb5d166e3132d666.png\" alt style=\"border-radius: 6px; display: block; margin: 20px auto; max-width: 95%; object-fit: contain;\"></figure>\r\n<p data-tool=\"mdnice编辑器\" style=\"padding-top: 8px; padding-bottom: 8px; line-height: 1.75; margin: 0.8em 0; font-size: 16px; color: #353535;\">5、我的-个人信息修改</p>\r\n<figure data-tool=\"mdnice编辑器\" style=\"margin: 0; margin-top: 10px; margin-bottom: 10px; display: flex; flex-direction: column; justify-content: center; align-items: center; border-radius: 16px; overflow: hidden;\"><img src=\"https://img-blog.csdnimg.cn/b33771eb129a4c5ebfea2627f574757f.png\" alt style=\"border-radius: 6px; display: block; margin: 20px auto; max-width: 95%; object-fit: contain;\"></figure>\r\n<p data-tool=\"mdnice编辑器\" style=\"padding-top: 8px; padding-bottom: 8px; line-height: 1.75; margin: 0.8em 0; font-size: 16px; color: #353535;\">以上就是本期的所有内容了，内容仅供参考。创作不易，欢迎点赞分享。</p>\r\n</section>', '1');
INSERT INTO `notice` VALUES (3, '基于SSM的宿舍管理系统截图演示', '2022-11-02 18:16:54', '<section id=\"nice\" data-tool=\"mdnice编辑器\" data-website=\"https://www.mdnice.com\" style=\"line-height: 1.6; word-break: break-word; word-wrap: break-word; text-align: left; padding: 5px; font-size: 16px; color: #353535; word-spacing: 0.8px; letter-spacing: 0.8px; border-radius: 16px; font-family: Optima-Regular, Optima, PingFangSC-light, PingFangTC-light, \'PingFang SC\', Cambria, Cochin, Georgia, Times, \'Times New Roman\', serif;\"><p data-tool=\"mdnice编辑器\" style=\"padding-top: 8px; padding-bottom: 8px; line-height: 1.75; margin: 0.8em 0; font-size: 16px; color: #353535;\">@</p><div class=\"table-of-contents\" data-tool=\"mdnice编辑器\"><ul style=\"margin-top: 8px; margin-bottom: 8px; padding-left: 25px; list-style-type: disc; color: #f83929; font-size: 16px;\"></ul></div><p data-tool=\"mdnice编辑器\" style=\"padding-top: 8px; padding-bottom: 8px; line-height: 1.75; margin: 0.8em 0; font-size: 16px; color: #353535;\"></p>\r\n<h4 data-tool=\"mdnice编辑器\" style=\"margin-top: 30px; margin-bottom: 15px; padding: 0px; font-weight: bold; color: black; font-size: 18px;\"><span class=\"prefix\" style=\"display: none;\"></span><span class=\"content\">01 系统介绍</span><span class=\"suffix\" style=\"display: none;\"></span></h4>\r\n<ul data-tool=\"mdnice编辑器\" style=\"margin-top: 8px; margin-bottom: 8px; padding-left: 25px; list-style-type: disc; color: #f83929; font-size: 16px;\">\r\n<li><section style=\"margin-top: 5px; margin-bottom: 5px; line-height: 26px; text-align: left; font-weight: 500; color: #353535;\">系统名称：基于SSM的学生宿舍管理系统（dormManage）</section></li><li><section style=\"margin-top: 5px; margin-bottom: 5px; line-height: 26px; text-align: left; font-weight: 500; color: #353535;\">开发工具：eclipse</section></li><li><section style=\"margin-top: 5px; margin-bottom: 5px; line-height: 26px; text-align: left; font-weight: 500; color: #353535;\">开发语言：Java+Spring+SpringMVC+Mybatis+VUE</section></li><li><section style=\"margin-top: 5px; margin-bottom: 5px; line-height: 26px; text-align: left; font-weight: 500; color: #353535;\">数据库：MySql5.7</section></li><li><section style=\"margin-top: 5px; margin-bottom: 5px; line-height: 26px; text-align: left; font-weight: 500; color: #353535;\">tomcat9.0，端口：8080</section></li></ul>\r\n<p data-tool=\"mdnice编辑器\" style=\"padding-top: 8px; padding-bottom: 8px; line-height: 1.75; margin: 0.8em 0; font-size: 16px; color: #353535;\">本系统实现使用 Java+Spring+SpringMVC+Mybatis+VUE 技术，主要应用于高校宿舍管理，使用人群如下：</p>\r\n<ul data-tool=\"mdnice编辑器\" style=\"margin-top: 8px; margin-bottom: 8px; padding-left: 25px; list-style-type: disc; color: #f83929; font-size: 16px;\">\r\n<li><section style=\"margin-top: 5px; margin-bottom: 5px; line-height: 26px; text-align: left; font-weight: 500; color: #353535;\">系统管理员：管理整个系统的安全运行，各个功能使用。</section></li><li><section style=\"margin-top: 5px; margin-bottom: 5px; line-height: 26px; text-align: left; font-weight: 500; color: #353535;\">宿舍管理员：管理自己负责的宿管和学生</section></li><li><section style=\"margin-top: 5px; margin-bottom: 5px; line-height: 26px; text-align: left; font-weight: 500; color: #353535;\">学生：查看浏览信息，提交任务</section></li></ul>\r\n<p data-tool=\"mdnice编辑器\" style=\"padding-top: 8px; padding-bottom: 8px; line-height: 1.75; margin: 0.8em 0; font-size: 16px; color: #353535;\"><strong style=\"font-weight: 700; color: rgb(248, 57, 41);\">系统管理员：</strong></p>\r\n<ol data-tool=\"mdnice编辑器\" style=\"margin-top: 8px; margin-bottom: 8px; padding-left: 25px; list-style-type: decimal; color: #f83929; font-size: 16px;\">\r\n<li><section style=\"margin-top: 5px; margin-bottom: 5px; line-height: 26px; text-align: left; font-weight: 500; color: #353535;\">添加、修改、删除公告信息</section></li><li><section style=\"margin-top: 5px; margin-bottom: 5px; line-height: 26px; text-align: left; font-weight: 500; color: #353535;\">添加、修改、删除宿舍管理员信息</section></li><li><section style=\"margin-top: 5px; margin-bottom: 5px; line-height: 26px; text-align: left; font-weight: 500; color: #353535;\">添加、修改、删除学生信息</section></li><li><section style=\"margin-top: 5px; margin-bottom: 5px; line-height: 26px; text-align: left; font-weight: 500; color: #353535;\">宿舍楼管理及其宿舍管理员分配</section></li><li><section style=\"margin-top: 5px; margin-bottom: 5px; line-height: 26px; text-align: left; font-weight: 500; color: #353535;\">学生寝室管理</section></li><li><section style=\"margin-top: 5px; margin-bottom: 5px; line-height: 26px; text-align: left; font-weight: 500; color: #353535;\">发布考勤、打卡任务</section></li><li><section style=\"margin-top: 5px; margin-bottom: 5px; line-height: 26px; text-align: left; font-weight: 500; color: #353535;\">查看、修改个人信息</section></li></ol>\r\n<p data-tool=\"mdnice编辑器\" style=\"padding-top: 8px; padding-bottom: 8px; line-height: 1.75; margin: 0.8em 0; font-size: 16px; color: #353535;\"><strong style=\"font-weight: 700; color: rgb(248, 57, 41);\">宿舍管理员：</strong></p>\r\n<ol data-tool=\"mdnice编辑器\" style=\"margin-top: 8px; margin-bottom: 8px; padding-left: 25px; list-style-type: decimal; color: #f83929; font-size: 16px;\">\r\n<li><section style=\"margin-top: 5px; margin-bottom: 5px; line-height: 26px; text-align: left; font-weight: 500; color: #353535;\">查看公告</section></li><li><section style=\"margin-top: 5px; margin-bottom: 5px; line-height: 26px; text-align: left; font-weight: 500; color: #353535;\">查看、删除自己管理的学生</section></li><li><section style=\"margin-top: 5px; margin-bottom: 5px; line-height: 26px; text-align: left; font-weight: 500; color: #353535;\">添加、修改、删除考勤记录</section></li><li><section style=\"margin-top: 5px; margin-bottom: 5px; line-height: 26px; text-align: left; font-weight: 500; color: #353535;\">查看学生打卡记录</section></li><li><section style=\"margin-top: 5px; margin-bottom: 5px; line-height: 26px; text-align: left; font-weight: 500; color: #353535;\">查看、修改个人信息</section></li></ol>\r\n<p data-tool=\"mdnice编辑器\" style=\"padding-top: 8px; padding-bottom: 8px; line-height: 1.75; margin: 0.8em 0; font-size: 16px; color: #353535;\"><strong style=\"font-weight: 700; color: rgb(248, 57, 41);\">学生：</strong></p>\r\n<ol data-tool=\"mdnice编辑器\" style=\"margin-top: 8px; margin-bottom: 8px; padding-left: 25px; list-style-type: decimal; color: #f83929; font-size: 16px;\">\r\n<li><section style=\"margin-top: 5px; margin-bottom: 5px; line-height: 26px; text-align: left; font-weight: 500; color: #353535;\">查看公告</section></li><li><section style=\"margin-top: 5px; margin-bottom: 5px; line-height: 26px; text-align: left; font-weight: 500; color: #353535;\">查看考勤记录</section></li><li><section style=\"margin-top: 5px; margin-bottom: 5px; line-height: 26px; text-align: left; font-weight: 500; color: #353535;\">完成打卡任务，查看打卡记录</section></li><li><section style=\"margin-top: 5px; margin-bottom: 5px; line-height: 26px; text-align: left; font-weight: 500; color: #353535;\">查看、修改个人信息</section></li></ol>\r\n<h4 data-tool=\"mdnice编辑器\" style=\"margin-top: 30px; margin-bottom: 15px; padding: 0px; font-weight: bold; color: black; font-size: 18px;\"><span class=\"prefix\" style=\"display: none;\"></span><span class=\"content\">02 下载源码</span><span class=\"suffix\" style=\"display: none;\"></span></h4>\r\n<p data-tool=\"mdnice编辑器\" style=\"padding-top: 8px; padding-bottom: 8px; line-height: 1.75; margin: 0.8em 0; font-size: 16px; color: #353535;\"><strong style=\"font-weight: 700; color: rgb(248, 57, 41);\"><font color=\"red\">源码下载：微信搜索公众号【IT学长】，回复关键词“宿舍管理系统”下载完整源码</font></strong></p>\r\n<h4 data-tool=\"mdnice编辑器\" style=\"margin-top: 30px; margin-bottom: 15px; padding: 0px; font-weight: bold; color: black; font-size: 18px;\"><span class=\"prefix\" style=\"display: none;\"></span><span class=\"content\">03 工程结构</span><span class=\"suffix\" style=\"display: none;\"></span></h4>\r\n<figure data-tool=\"mdnice编辑器\" style=\"margin: 0; margin-top: 10px; margin-bottom: 10px; display: flex; flex-direction: column; justify-content: center; align-items: center; border-radius: 16px; overflow: hidden;\"><img src=\"https://img-blog.csdnimg.cn/20200926161618970.png\" alt style=\"border-radius: 6px; display: block; margin: 20px auto; max-width: 95%; object-fit: contain;\"></figure>\r\n<h4 data-tool=\"mdnice编辑器\" style=\"margin-top: 30px; margin-bottom: 15px; padding: 0px; font-weight: bold; color: black; font-size: 18px;\"><span class=\"prefix\" style=\"display: none;\"></span><span class=\"content\">04 数据库表</span><span class=\"suffix\" style=\"display: none;\"></span></h4>\r\n<section class=\"table-container\" data-tool=\"mdnice编辑器\" style=\"overflow-x: auto;\"><table style=\"display: table; text-align: left;\">\r\n<thead>\r\n<tr style=\"border: 0; border-top: 1px solid #ccc; background-color: white;\">\r\n<th style=\"border: 1px solid #ccc; padding: 5px 10px; text-align: left; font-weight: bold; font-size: 16px; color: #353535; background-color: #dbd9d8; min-width: 85px;\">表名称</th>\r\n<th style=\"border: 1px solid #ccc; padding: 5px 10px; text-align: left; font-weight: bold; font-size: 16px; color: #353535; background-color: #dbd9d8; min-width: 85px;\">说明</th>\r\n</tr>\r\n</thead>\r\n<tbody style=\"border: 0;\">\r\n<tr style=\"border: 0; border-top: 1px solid #ccc; background-color: white;\">\r\n<td style=\"border: 1px solid #ccc; padding: 5px 10px; text-align: left; font-size: 16px; color: #645647; min-width: 85px;\">t_admin</td>\r\n<td style=\"border: 1px solid #ccc; padding: 5px 10px; text-align: left; font-size: 16px; color: #645647; min-width: 85px;\">用于存储系统管理员数据</td>\r\n</tr>\r\n<tr style=\"border: 0; border-top: 1px solid #ccc; background-color: #F8F8F8;\">\r\n<td style=\"border: 1px solid #ccc; padding: 5px 10px; text-align: left; font-size: 16px; color: #645647; min-width: 85px;\">t_dormbuild</td>\r\n<td style=\"border: 1px solid #ccc; padding: 5px 10px; text-align: left; font-size: 16px; color: #645647; min-width: 85px;\">用于存储宿舍楼信息</td>\r\n</tr>\r\n<tr style=\"border: 0; border-top: 1px solid #ccc; background-color: white;\">\r\n<td style=\"border: 1px solid #ccc; padding: 5px 10px; text-align: left; font-size: 16px; color: #645647; min-width: 85px;\">t_dormmanager</td>\r\n<td style=\"border: 1px solid #ccc; padding: 5px 10px; text-align: left; font-size: 16px; color: #645647; min-width: 85px;\">用于存储宿舍管理员信息</td>\r\n</tr>\r\n<tr style=\"border: 0; border-top: 1px solid #ccc; background-color: #F8F8F8;\">\r\n<td style=\"border: 1px solid #ccc; padding: 5px 10px; text-align: left; font-size: 16px; color: #645647; min-width: 85px;\">t_notice</td>\r\n<td style=\"border: 1px solid #ccc; padding: 5px 10px; text-align: left; font-size: 16px; color: #645647; min-width: 85px;\">用于存储公告信息</td>\r\n</tr>\r\n<tr style=\"border: 0; border-top: 1px solid #ccc; background-color: white;\">\r\n<td style=\"border: 1px solid #ccc; padding: 5px 10px; text-align: left; font-size: 16px; color: #645647; min-width: 85px;\">t_punchclock</td>\r\n<td style=\"border: 1px solid #ccc; padding: 5px 10px; text-align: left; font-size: 16px; color: #645647; min-width: 85px;\">用于存储打卡发布记录</td>\r\n</tr>\r\n<tr style=\"border: 0; border-top: 1px solid #ccc; background-color: #F8F8F8;\">\r\n<td style=\"border: 1px solid #ccc; padding: 5px 10px; text-align: left; font-size: 16px; color: #645647; min-width: 85px;\">t_punchclockrecord</td>\r\n<td style=\"border: 1px solid #ccc; padding: 5px 10px; text-align: left; font-size: 16px; color: #645647; min-width: 85px;\">用于存储打卡信息</td>\r\n</tr>\r\n<tr style=\"border: 0; border-top: 1px solid #ccc; background-color: white;\">\r\n<td style=\"border: 1px solid #ccc; padding: 5px 10px; text-align: left; font-size: 16px; color: #645647; min-width: 85px;\">t_record</td>\r\n<td style=\"border: 1px solid #ccc; padding: 5px 10px; text-align: left; font-size: 16px; color: #645647; min-width: 85px;\">用于存储考勤记录</td>\r\n</tr>\r\n<tr style=\"border: 0; border-top: 1px solid #ccc; background-color: #F8F8F8;\">\r\n<td style=\"border: 1px solid #ccc; padding: 5px 10px; text-align: left; font-size: 16px; color: #645647; min-width: 85px;\">t_student</td>\r\n<td style=\"border: 1px solid #ccc; padding: 5px 10px; text-align: left; font-size: 16px; color: #645647; min-width: 85px;\">用于存放学生信息</td>\r\n</tr>\r\n</tbody>\r\n</table>\r\n</section><h4 data-tool=\"mdnice编辑器\" style=\"margin-top: 30px; margin-bottom: 15px; padding: 0px; font-weight: bold; color: black; font-size: 18px;\"><span class=\"prefix\" style=\"display: none;\"></span><span class=\"content\">05 访问系统</span><span class=\"suffix\" style=\"display: none;\"></span></h4>\r\n<ul data-tool=\"mdnice编辑器\" style=\"margin-top: 8px; margin-bottom: 8px; padding-left: 25px; list-style-type: disc; color: #f83929; font-size: 16px;\">\r\n<li><section style=\"margin-top: 5px; margin-bottom: 5px; line-height: 26px; text-align: left; font-weight: 500; color: #353535;\">访问地址：http://localhost:8080/dormManage/</section></li><li><section style=\"margin-top: 5px; margin-bottom: 5px; line-height: 26px; text-align: left; font-weight: 500; color: #353535;\">访问用户：  系统管理员【用户名：admin 密码：cya】 宿舍管理员【用户名：dorm 密码：cya】学生【用户名：002 密码：cya】</section></li></ul>\r\n<p data-tool=\"mdnice编辑器\" style=\"padding-top: 8px; padding-bottom: 8px; line-height: 1.75; margin: 0.8em 0; font-size: 16px; color: #353535;\">注：访问系统前提是先把系统运行起来</p>\r\n<h4 data-tool=\"mdnice编辑器\" style=\"margin-top: 30px; margin-bottom: 15px; padding: 0px; font-weight: bold; color: black; font-size: 18px;\"><span class=\"prefix\" style=\"display: none;\"></span><span class=\"content\">06 技术支持</span><span class=\"suffix\" style=\"display: none;\"></span></h4>\r\n<p data-tool=\"mdnice编辑器\" style=\"padding-top: 8px; padding-bottom: 8px; line-height: 1.75; margin: 0.8em 0; font-size: 16px; color: #353535;\">你在学习使用过程中有任何问题请添加学长微信：itxzzzx</p>\r\n<ul data-tool=\"mdnice编辑器\" style=\"margin-top: 8px; margin-bottom: 8px; padding-left: 25px; list-style-type: disc; color: #f83929; font-size: 16px;\">\r\n<li><section style=\"margin-top: 5px; margin-bottom: 5px; line-height: 26px; text-align: left; font-weight: 500; color: #353535;\">开发文档：<a href=\"https://mp.weixin.qq.com/s/BPXYgGVJel4eEHH29byoiw\" style=\"text-decoration: none; word-wrap: break-word; color: rgb(248, 57, 41); font-weight: 400; border-bottom: 1px solid rgb(248, 57, 41);\">基于SSM的学生宿舍管理系统设计与实现（附源码下载地址）</a></section></li><li><section style=\"margin-top: 5px; margin-bottom: 5px; line-height: 26px; text-align: left; font-weight: 500; color: #353535;\">运行教程：<a href=\"https://mp.weixin.qq.com/s/TVdI3BSeBYy75AURjp7j8Q\" style=\"text-decoration: none; word-wrap: break-word; color: rgb(248, 57, 41); font-weight: 400; border-bottom: 1px solid rgb(248, 57, 41);\">基于SSM的学生宿舍管理系统运行教程</a></section></li></ul>\r\n<h4 data-tool=\"mdnice编辑器\" style=\"margin-top: 30px; margin-bottom: 15px; padding: 0px; font-weight: bold; color: black; font-size: 18px;\"><span class=\"prefix\" style=\"display: none;\"></span><span class=\"content\">07 功能展示</span><span class=\"suffix\" style=\"display: none;\"></span></h4>\r\n<p data-tool=\"mdnice编辑器\" style=\"padding-top: 8px; padding-bottom: 8px; line-height: 1.75; margin: 0.8em 0; font-size: 16px; color: #353535;\"><strong style=\"font-weight: 700; color: rgb(248, 57, 41);\">登录：</strong></p>\r\n<figure data-tool=\"mdnice编辑器\" style=\"margin: 0; margin-top: 10px; margin-bottom: 10px; display: flex; flex-direction: column; justify-content: center; align-items: center; border-radius: 16px; overflow: hidden;\"><img src=\"https://img-blog.csdnimg.cn/3f2f4b72b0dd465f939db45bbc3cd341.png\" alt style=\"border-radius: 6px; display: block; margin: 20px auto; max-width: 95%; object-fit: contain;\"></figure>\r\n<figure data-tool=\"mdnice编辑器\" style=\"margin: 0; margin-top: 10px; margin-bottom: 10px; display: flex; flex-direction: column; justify-content: center; align-items: center; border-radius: 16px; overflow: hidden;\"><img src=\"https://img-blog.csdnimg.cn/2c55e3d0f14c4bfa8e6664faff447545.png\" alt style=\"border-radius: 6px; display: block; margin: 20px auto; max-width: 95%; object-fit: contain;\"></figure>\r\n<figure data-tool=\"mdnice编辑器\" style=\"margin: 0; margin-top: 10px; margin-bottom: 10px; display: flex; flex-direction: column; justify-content: center; align-items: center; border-radius: 16px; overflow: hidden;\"><img src=\"https://img-blog.csdnimg.cn/2a0059883dae4786892291c3b8a8265e.png\" alt style=\"border-radius: 6px; display: block; margin: 20px auto; max-width: 95%; object-fit: contain;\"></figure>\r\n<figure data-tool=\"mdnice编辑器\" style=\"margin: 0; margin-top: 10px; margin-bottom: 10px; display: flex; flex-direction: column; justify-content: center; align-items: center; border-radius: 16px; overflow: hidden;\"><img src=\"https://img-blog.csdnimg.cn/5616be3449874b86ae3f8361f835ea08.png\" alt style=\"border-radius: 6px; display: block; margin: 20px auto; max-width: 95%; object-fit: contain;\"></figure>\r\n<p data-tool=\"mdnice编辑器\" style=\"padding-top: 8px; padding-bottom: 8px; line-height: 1.75; margin: 0.8em 0; font-size: 16px; color: #353535;\"><strong style=\"font-weight: 700; color: rgb(248, 57, 41);\">系统管理员：</strong></p>\r\n<p data-tool=\"mdnice编辑器\" style=\"padding-top: 8px; padding-bottom: 8px; line-height: 1.75; margin: 0.8em 0; font-size: 16px; color: #353535;\">主页：</p>\r\n<figure data-tool=\"mdnice编辑器\" style=\"margin: 0; margin-top: 10px; margin-bottom: 10px; display: flex; flex-direction: column; justify-content: center; align-items: center; border-radius: 16px; overflow: hidden;\"><img src=\"https://img-blog.csdnimg.cn/b0259113532a4375b235174eb3e60e7e.png\" alt style=\"border-radius: 6px; display: block; margin: 20px auto; max-width: 95%; object-fit: contain;\"></figure>\r\n<p data-tool=\"mdnice编辑器\" style=\"padding-top: 8px; padding-bottom: 8px; line-height: 1.75; margin: 0.8em 0; font-size: 16px; color: #353535;\">宿舍管理员：</p>\r\n<figure data-tool=\"mdnice编辑器\" style=\"margin: 0; margin-top: 10px; margin-bottom: 10px; display: flex; flex-direction: column; justify-content: center; align-items: center; border-radius: 16px; overflow: hidden;\"><img src=\"https://img-blog.csdnimg.cn/95f385be724447cb86b8afc06340f8d0.png\" alt style=\"border-radius: 6px; display: block; margin: 20px auto; max-width: 95%; object-fit: contain;\"></figure>\r\n<figure data-tool=\"mdnice编辑器\" style=\"margin: 0; margin-top: 10px; margin-bottom: 10px; display: flex; flex-direction: column; justify-content: center; align-items: center; border-radius: 16px; overflow: hidden;\"><img src=\"https://img-blog.csdnimg.cn/03978b8d1bf84888ab4b09bd06d7e385.png\" alt style=\"border-radius: 6px; display: block; margin: 20px auto; max-width: 95%; object-fit: contain;\"></figure>\r\n<p data-tool=\"mdnice编辑器\" style=\"padding-top: 8px; padding-bottom: 8px; line-height: 1.75; margin: 0.8em 0; font-size: 16px; color: #353535;\">学生：</p>\r\n<figure data-tool=\"mdnice编辑器\" style=\"margin: 0; margin-top: 10px; margin-bottom: 10px; display: flex; flex-direction: column; justify-content: center; align-items: center; border-radius: 16px; overflow: hidden;\"><img src=\"https://img-blog.csdnimg.cn/678a987e7dbe4c40ae6b186e373c887a.png\" alt style=\"border-radius: 6px; display: block; margin: 20px auto; max-width: 95%; object-fit: contain;\"></figure>\r\n<figure data-tool=\"mdnice编辑器\" style=\"margin: 0; margin-top: 10px; margin-bottom: 10px; display: flex; flex-direction: column; justify-content: center; align-items: center; border-radius: 16px; overflow: hidden;\"><img src=\"https://img-blog.csdnimg.cn/490f52a3fcc3459ebf8155d37a5b0930.png\" alt style=\"border-radius: 6px; display: block; margin: 20px auto; max-width: 95%; object-fit: contain;\"></figure>\r\n<p data-tool=\"mdnice编辑器\" style=\"padding-top: 8px; padding-bottom: 8px; line-height: 1.75; margin: 0.8em 0; font-size: 16px; color: #353535;\">宿舍楼：</p>\r\n<figure data-tool=\"mdnice编辑器\" style=\"margin: 0; margin-top: 10px; margin-bottom: 10px; display: flex; flex-direction: column; justify-content: center; align-items: center; border-radius: 16px; overflow: hidden;\"><img src=\"https://img-blog.csdnimg.cn/97a01c5dff6e488bb83db3b287769921.png\" alt style=\"border-radius: 6px; display: block; margin: 20px auto; max-width: 95%; object-fit: contain;\"></figure>\r\n<figure data-tool=\"mdnice编辑器\" style=\"margin: 0; margin-top: 10px; margin-bottom: 10px; display: flex; flex-direction: column; justify-content: center; align-items: center; border-radius: 16px; overflow: hidden;\"><img src=\"https://img-blog.csdnimg.cn/460395d469384e539481f1dd0277e215.png\" alt style=\"border-radius: 6px; display: block; margin: 20px auto; max-width: 95%; object-fit: contain;\"></figure>\r\n<p data-tool=\"mdnice编辑器\" style=\"padding-top: 8px; padding-bottom: 8px; line-height: 1.75; margin: 0.8em 0; font-size: 16px; color: #353535;\">考勤：</p>\r\n<figure data-tool=\"mdnice编辑器\" style=\"margin: 0; margin-top: 10px; margin-bottom: 10px; display: flex; flex-direction: column; justify-content: center; align-items: center; border-radius: 16px; overflow: hidden;\"><img src=\"https://img-blog.csdnimg.cn/54842eabb0944770af58347b459ffbb7.png\" alt style=\"border-radius: 6px; display: block; margin: 20px auto; max-width: 95%; object-fit: contain;\"></figure>\r\n<p data-tool=\"mdnice编辑器\" style=\"padding-top: 8px; padding-bottom: 8px; line-height: 1.75; margin: 0.8em 0; font-size: 16px; color: #353535;\">打卡：</p>\r\n<figure data-tool=\"mdnice编辑器\" style=\"margin: 0; margin-top: 10px; margin-bottom: 10px; display: flex; flex-direction: column; justify-content: center; align-items: center; border-radius: 16px; overflow: hidden;\"><img src=\"https://img-blog.csdnimg.cn/d71a160de72d4feaadeb5448d3d58ada.png\" alt style=\"border-radius: 6px; display: block; margin: 20px auto; max-width: 95%; object-fit: contain;\"></figure>\r\n<figure data-tool=\"mdnice编辑器\" style=\"margin: 0; margin-top: 10px; margin-bottom: 10px; display: flex; flex-direction: column; justify-content: center; align-items: center; border-radius: 16px; overflow: hidden;\"><img src=\"https://img-blog.csdnimg.cn/908156dfa2624341ba8c0c29ee9f5a2f.png\" alt style=\"border-radius: 6px; display: block; margin: 20px auto; max-width: 95%; object-fit: contain;\"></figure>\r\n<p data-tool=\"mdnice编辑器\" style=\"padding-top: 8px; padding-bottom: 8px; line-height: 1.75; margin: 0.8em 0; font-size: 16px; color: #353535;\">公告：</p>\r\n<figure data-tool=\"mdnice编辑器\" style=\"margin: 0; margin-top: 10px; margin-bottom: 10px; display: flex; flex-direction: column; justify-content: center; align-items: center; border-radius: 16px; overflow: hidden;\"><img src=\"https://img-blog.csdnimg.cn/858a9c1fd3d44cbeb0231df6c4df0876.png\" alt style=\"border-radius: 6px; display: block; margin: 20px auto; max-width: 95%; object-fit: contain;\"></figure>\r\n<figure data-tool=\"mdnice编辑器\" style=\"margin: 0; margin-top: 10px; margin-bottom: 10px; display: flex; flex-direction: column; justify-content: center; align-items: center; border-radius: 16px; overflow: hidden;\"><img src=\"https://img-blog.csdnimg.cn/8eaa465c75394a3a9314478ea44474a8.png\" alt style=\"border-radius: 6px; display: block; margin: 20px auto; max-width: 95%; object-fit: contain;\"></figure>\r\n<p data-tool=\"mdnice编辑器\" style=\"padding-top: 8px; padding-bottom: 8px; line-height: 1.75; margin: 0.8em 0; font-size: 16px; color: #353535;\"><strong style=\"font-weight: 700; color: rgb(248, 57, 41);\">宿舍管理员：</strong></p>\r\n<p data-tool=\"mdnice编辑器\" style=\"padding-top: 8px; padding-bottom: 8px; line-height: 1.75; margin: 0.8em 0; font-size: 16px; color: #353535;\">主页：</p>\r\n<figure data-tool=\"mdnice编辑器\" style=\"margin: 0; margin-top: 10px; margin-bottom: 10px; display: flex; flex-direction: column; justify-content: center; align-items: center; border-radius: 16px; overflow: hidden;\"><img src=\"https://img-blog.csdnimg.cn/a2bdb6212c1348cf9fb15a66d36af85d.png\" alt style=\"border-radius: 6px; display: block; margin: 20px auto; max-width: 95%; object-fit: contain;\"></figure>\r\n<p data-tool=\"mdnice编辑器\" style=\"padding-top: 8px; padding-bottom: 8px; line-height: 1.75; margin: 0.8em 0; font-size: 16px; color: #353535;\">学生信息：</p>\r\n<figure data-tool=\"mdnice编辑器\" style=\"margin: 0; margin-top: 10px; margin-bottom: 10px; display: flex; flex-direction: column; justify-content: center; align-items: center; border-radius: 16px; overflow: hidden;\"><img src=\"https://img-blog.csdnimg.cn/f536ec42c8e442d2a49143b14a067b08.png\" alt style=\"border-radius: 6px; display: block; margin: 20px auto; max-width: 95%; object-fit: contain;\"></figure>\r\n<p data-tool=\"mdnice编辑器\" style=\"padding-top: 8px; padding-bottom: 8px; line-height: 1.75; margin: 0.8em 0; font-size: 16px; color: #353535;\">考勤信息：</p>\r\n<figure data-tool=\"mdnice编辑器\" style=\"margin: 0; margin-top: 10px; margin-bottom: 10px; display: flex; flex-direction: column; justify-content: center; align-items: center; border-radius: 16px; overflow: hidden;\"><img src=\"https://img-blog.csdnimg.cn/dba6eed3fd714f5e9c2972b3a3f90b41.png\" alt style=\"border-radius: 6px; display: block; margin: 20px auto; max-width: 95%; object-fit: contain;\"></figure>\r\n<figure data-tool=\"mdnice编辑器\" style=\"margin: 0; margin-top: 10px; margin-bottom: 10px; display: flex; flex-direction: column; justify-content: center; align-items: center; border-radius: 16px; overflow: hidden;\"><img src=\"https://img-blog.csdnimg.cn/ba37845756b84e38ae67e913634c7158.png\" alt style=\"border-radius: 6px; display: block; margin: 20px auto; max-width: 95%; object-fit: contain;\"></figure>\r\n<p data-tool=\"mdnice编辑器\" style=\"padding-top: 8px; padding-bottom: 8px; line-height: 1.75; margin: 0.8em 0; font-size: 16px; color: #353535;\">打卡信息：</p>\r\n<figure data-tool=\"mdnice编辑器\" style=\"margin: 0; margin-top: 10px; margin-bottom: 10px; display: flex; flex-direction: column; justify-content: center; align-items: center; border-radius: 16px; overflow: hidden;\"><img src=\"https://img-blog.csdnimg.cn/d5584a99deb74c6e8dffc3d28559c27b.png\" alt style=\"border-radius: 6px; display: block; margin: 20px auto; max-width: 95%; object-fit: contain;\"></figure>\r\n<p data-tool=\"mdnice编辑器\" style=\"padding-top: 8px; padding-bottom: 8px; line-height: 1.75; margin: 0.8em 0; font-size: 16px; color: #353535;\"><strong style=\"font-weight: 700; color: rgb(248, 57, 41);\">学生：</strong></p>\r\n<p data-tool=\"mdnice编辑器\" style=\"padding-top: 8px; padding-bottom: 8px; line-height: 1.75; margin: 0.8em 0; font-size: 16px; color: #353535;\">主页：</p>\r\n<figure data-tool=\"mdnice编辑器\" style=\"margin: 0; margin-top: 10px; margin-bottom: 10px; display: flex; flex-direction: column; justify-content: center; align-items: center; border-radius: 16px; overflow: hidden;\"><img src=\"https://img-blog.csdnimg.cn/1792ab2528c64d86a6fe70687bc6da5b.png\" alt style=\"border-radius: 6px; display: block; margin: 20px auto; max-width: 95%; object-fit: contain;\"></figure>\r\n<p data-tool=\"mdnice编辑器\" style=\"padding-top: 8px; padding-bottom: 8px; line-height: 1.75; margin: 0.8em 0; font-size: 16px; color: #353535;\">考勤记录：</p>\r\n<figure data-tool=\"mdnice编辑器\" style=\"margin: 0; margin-top: 10px; margin-bottom: 10px; display: flex; flex-direction: column; justify-content: center; align-items: center; border-radius: 16px; overflow: hidden;\"><img src=\"https://img-blog.csdnimg.cn/f0d4b2c631a94075851ed03d2f45be26.png\" alt style=\"border-radius: 6px; display: block; margin: 20px auto; max-width: 95%; object-fit: contain;\"></figure>\r\n<p data-tool=\"mdnice编辑器\" style=\"padding-top: 8px; padding-bottom: 8px; line-height: 1.75; margin: 0.8em 0; font-size: 16px; color: #353535;\">打卡记录：</p>\r\n<figure data-tool=\"mdnice编辑器\" style=\"margin: 0; margin-top: 10px; margin-bottom: 10px; display: flex; flex-direction: column; justify-content: center; align-items: center; border-radius: 16px; overflow: hidden;\"><img src=\"https://img-blog.csdnimg.cn/c817a0638aca4036818ba6486a3c02cf.png\" alt style=\"border-radius: 6px; display: block; margin: 20px auto; max-width: 95%; object-fit: contain;\"></figure>\r\n<p data-tool=\"mdnice编辑器\" style=\"padding-top: 8px; padding-bottom: 8px; line-height: 1.75; margin: 0.8em 0; font-size: 16px; color: #353535;\">本文到此结束，欢迎点赞分享</p>\r\n</section>', '2');
INSERT INTO `notice` VALUES (4, '关于教务管理系统发布的通知', '2022-11-02 18:24:47', '<section id=\"nice\" data-tool=\"mdnice编辑器\" data-website=\"https://www.mdnice.com\" style=\"line-height: 1.6; word-break: break-word; word-wrap: break-word; text-align: left; padding: 5px; font-size: 16px; color: #353535; word-spacing: 0.8px; letter-spacing: 0.8px; border-radius: 16px; font-family: Optima-Regular, Optima, PingFangSC-light, PingFangTC-light, \'PingFang SC\', Cambria, Cochin, Georgia, Times, \'Times New Roman\', serif;\"><h4 data-tool=\"mdnice编辑器\" style=\"margin-top: 30px; margin-bottom: 15px; padding: 0px; font-weight: bold; color: black; font-size: 18px;\"><span class=\"prefix\" style=\"display: none;\"></span><span class=\"content\">01 系统介绍</span><span class=\"suffix\" style=\"display: none;\"></span></h4>\r\n<ul data-tool=\"mdnice编辑器\" style=\"margin-top: 8px; margin-bottom: 8px; padding-left: 25px; list-style-type: disc; color: #f83929; font-size: 16px;\">\r\n<li><section style=\"margin-top: 5px; margin-bottom: 5px; line-height: 26px; text-align: left; font-weight: 500; color: #353535;\">系统名称：教务管理系统设计与实现（educationalManage）</section></li><li><section style=\"margin-top: 5px; margin-bottom: 5px; line-height: 26px; text-align: left; font-weight: 500; color: #353535;\">开发工具：eclipse/idea</section></li><li><section style=\"margin-top: 5px; margin-bottom: 5px; line-height: 26px; text-align: left; font-weight: 500; color: #353535;\">开发技术：Java+Spring+SpringMVC+MyBatis+Jsp+Bootstrap+JQuery</section></li><li><section style=\"margin-top: 5px; margin-bottom: 5px; line-height: 26px; text-align: left; font-weight: 500; color: #353535;\">数据库：MySql5.7</section></li></ul>\r\n<h4 data-tool=\"mdnice编辑器\" style=\"margin-top: 30px; margin-bottom: 15px; padding: 0px; font-weight: bold; color: black; font-size: 18px;\"><span class=\"prefix\" style=\"display: none;\"></span><span class=\"content\">02 访问系统</span><span class=\"suffix\" style=\"display: none;\"></span></h4>\r\n<ul data-tool=\"mdnice编辑器\" style=\"margin-top: 8px; margin-bottom: 8px; padding-left: 25px; list-style-type: disc; color: #f83929; font-size: 16px;\">\r\n<li><section style=\"margin-top: 5px; margin-bottom: 5px; line-height: 26px; text-align: left; font-weight: 500; color: #353535;\">访问地址：http://localhost:8080/educationalManage/</section></li><li><section style=\"margin-top: 5px; margin-bottom: 5px; line-height: 26px; text-align: left; font-weight: 500; color: #353535;\">访问用户：  系统管理员【用户名：admin 密码：admin】 教师【用户名：1001 密码：1001】 学生【用户名：10001 密码：10001】</section></li></ul>\r\n<p data-tool=\"mdnice编辑器\" style=\"padding-top: 8px; padding-bottom: 8px; line-height: 1.75; margin: 0.8em 0; font-size: 16px; color: #353535;\">注：访问系统前提是先把系统运行起来</p>\r\n<h4 data-tool=\"mdnice编辑器\" style=\"margin-top: 30px; margin-bottom: 15px; padding: 0px; font-weight: bold; color: black; font-size: 18px;\"><span class=\"prefix\" style=\"display: none;\"></span><span class=\"content\">03 相关文档</span><span class=\"suffix\" style=\"display: none;\"></span></h4>\r\n<ul data-tool=\"mdnice编辑器\" style=\"margin-top: 8px; margin-bottom: 8px; padding-left: 25px; list-style-type: disc; color: #f83929; font-size: 16px;\">\r\n<li><section style=\"margin-top: 5px; margin-bottom: 5px; line-height: 26px; text-align: left; font-weight: 500; color: #353535;\">开发文档：<a href style=\"text-decoration: none; word-wrap: break-word; color: rgb(248, 57, 41); font-weight: 400; border-bottom: 1px solid rgb(248, 57, 41);\"></a></section></li><li><section style=\"margin-top: 5px; margin-bottom: 5px; line-height: 26px; text-align: left; font-weight: 500; color: #353535;\">运行教程：<a href style=\"text-decoration: none; word-wrap: break-word; color: rgb(248, 57, 41); font-weight: 400; border-bottom: 1px solid rgb(248, 57, 41);\"></a></section></li></ul>\r\n<h4 data-tool=\"mdnice编辑器\" style=\"margin-top: 30px; margin-bottom: 15px; padding: 0px; font-weight: bold; color: black; font-size: 18px;\"><span class=\"prefix\" style=\"display: none;\"></span><span class=\"content\">04 技术支持</span><span class=\"suffix\" style=\"display: none;\"></span></h4>\r\n<p data-tool=\"mdnice编辑器\" style=\"padding-top: 8px; padding-bottom: 8px; line-height: 1.75; margin: 0.8em 0; font-size: 16px; color: #353535;\">你在学习使用过程中有任何问题请添加学长微信：itxzzzx</p>\r\n<figure data-tool=\"mdnice编辑器\" style=\"margin: 0; margin-top: 10px; margin-bottom: 10px; display: flex; flex-direction: column; justify-content: center; align-items: center; border-radius: 16px; overflow: hidden;\"><img src=\"https://img-blog.csdnimg.cn/8d728185d0474dcd87a6eb4af6f0ea64.png\" alt style=\"border-radius: 6px; display: block; margin: 20px auto; max-width: 95%; object-fit: contain;\"></figure>\r\n<h4 data-tool=\"mdnice编辑器\" style=\"margin-top: 30px; margin-bottom: 15px; padding: 0px; font-weight: bold; color: black; font-size: 18px;\"><span class=\"prefix\" style=\"display: none;\"></span><span class=\"content\">05 关于作者</span><span class=\"suffix\" style=\"display: none;\"></span></h4>\r\n<p data-tool=\"mdnice编辑器\" style=\"padding-top: 8px; padding-bottom: 8px; line-height: 1.75; margin: 0.8em 0; font-size: 16px; color: #353535;\">IT学长：Java攻城狮，曾用名：C you again，专注于IT技术分享、Java面试题、毕设源码下载、C语言编程等等。微信搜索【IT】学长，跟着学长学IT。</p>\r\n<figure data-tool=\"mdnice编辑器\" style=\"margin: 0; margin-top: 10px; margin-bottom: 10px; display: flex; flex-direction: column; justify-content: center; align-items: center; border-radius: 16px; overflow: hidden;\"><img src=\"https://img-blog.csdnimg.cn/c5b40e17bc614f5d99a5d6e179a0447b.png\" alt=\"微信扫码关注这个有温度的程序猿\" style=\"border-radius: 6px; display: block; margin: 20px auto; max-width: 95%; object-fit: contain;\"><figcaption style=\"margin-top: 5px; text-align: center; color: #888; display: block; font-size: 12px;\">微信扫码关注这个有温度的程序猿</figcaption></figure>\r\n</section>', '0');

-- ----------------------------
-- Table structure for role
-- ----------------------------
DROP TABLE IF EXISTS `role`;
CREATE TABLE `role`  (
  `roleID` int(11) NOT NULL COMMENT '角色Id',
  `roleName` varchar(20) CHARACTER SET utf8 COLLATE utf8_general_ci NOT NULL COMMENT '角色名称',
  `permissions` varchar(255) CHARACTER SET utf8 COLLATE utf8_general_ci NULL DEFAULT NULL COMMENT '角色权限',
  PRIMARY KEY (`roleID`) USING BTREE
) ENGINE = InnoDB CHARACTER SET = utf8 COLLATE = utf8_general_ci ROW_FORMAT = Dynamic;

-- ----------------------------
-- Records of role
-- ----------------------------
INSERT INTO `role` VALUES (0, 'admin', NULL);
INSERT INTO `role` VALUES (1, 'teacher', NULL);
INSERT INTO `role` VALUES (2, 'student', NULL);

-- ----------------------------
-- Table structure for selectedcourse
-- ----------------------------
DROP TABLE IF EXISTS `selectedcourse`;
CREATE TABLE `selectedcourse`  (
  `courseID` int(11) NOT NULL COMMENT '课程Id',
  `studentID` int(11) NOT NULL COMMENT '学生Id',
  `mark` int(11) NULL DEFAULT NULL COMMENT '成绩 null：已选课程 not null：已修课程',
  INDEX `courseID`(`courseID`) USING BTREE,
  INDEX `studentID`(`studentID`) USING BTREE
) ENGINE = InnoDB CHARACTER SET = utf8 COLLATE = utf8_general_ci ROW_FORMAT = Dynamic;

-- ----------------------------
-- Records of selectedcourse
-- ----------------------------
INSERT INTO `selectedcourse` VALUES (1, 10001, 5);
INSERT INTO `selectedcourse` VALUES (2, 10001, 10);
INSERT INTO `selectedcourse` VALUES (3, 10001, 0);
INSERT INTO `selectedcourse` VALUES (12, 10001, NULL);
INSERT INTO `selectedcourse` VALUES (8, 10001, NULL);
INSERT INTO `selectedcourse` VALUES (5, 10001, 2);
INSERT INTO `selectedcourse` VALUES (4, 10001, NULL);
INSERT INTO `selectedcourse` VALUES (6, 10001, 3);

-- ----------------------------
-- Table structure for student
-- ----------------------------
DROP TABLE IF EXISTS `student`;
CREATE TABLE `student`  (
  `userID` int(11) NOT NULL AUTO_INCREMENT COMMENT '学生Id/学号',
  `userName` varchar(200) CHARACTER SET utf8 COLLATE utf8_general_ci NOT NULL COMMENT '姓名',
  `sex` varchar(20) CHARACTER SET utf8 COLLATE utf8_general_ci NULL DEFAULT NULL COMMENT '性别',
  `birthYear` date NULL DEFAULT NULL COMMENT '出生年份',
  `grade` date NULL DEFAULT NULL COMMENT '入学时间',
  `collegeID` int(11) NOT NULL COMMENT '所属院系编号',
  PRIMARY KEY (`userID`) USING BTREE,
  INDEX `collegeID`(`collegeID`) USING BTREE
) ENGINE = InnoDB AUTO_INCREMENT = 10015 CHARACTER SET = utf8 COLLATE = utf8_general_ci ROW_FORMAT = Dynamic;

-- ----------------------------
-- Records of student
-- ----------------------------
INSERT INTO `student` VALUES (10001, '张同学', '男', '1996-11-02', '2022-11-02', 1);
INSERT INTO `student` VALUES (10002, '李同学', '女', '1997-11-02', '2022-11-02', 2);
INSERT INTO `student` VALUES (10003, '王同学', '男', '1990-11-02', '2022-11-02', 3);
INSERT INTO `student` VALUES (10004, '白同学', '男', '1989-11-02', '2022-11-02', 4);
INSERT INTO `student` VALUES (10005, '刘同学', '女', '2000-11-02', '2022-11-02', 12);
INSERT INTO `student` VALUES (10006, '徐同学', '男', '2001-11-02', '2022-11-02', 5);
INSERT INTO `student` VALUES (10007, '许同学', '女', '1997-11-02', '2022-11-02', 6);
INSERT INTO `student` VALUES (10008, '曹同学', '男', '1999-11-02', '2022-11-02', 7);
INSERT INTO `student` VALUES (10009, '马同学', '女', '1993-11-02', '2022-11-02', 8);
INSERT INTO `student` VALUES (10010, '周同学', '女', '1992-11-02', '2022-11-02', 9);
INSERT INTO `student` VALUES (10011, '陈同学', '女', '1998-11-02', '2022-11-02', 10);
INSERT INTO `student` VALUES (10012, '赵同学', '男', '1991-11-02', '2022-11-02', 11);
INSERT INTO `student` VALUES (10013, '郭同学', '男', '1994-11-02', '2022-11-02', 11);
INSERT INTO `student` VALUES (10014, '苏同学', '男', '1993-11-02', '2022-11-02', 13);

-- ----------------------------
-- Table structure for teacher
-- ----------------------------
DROP TABLE IF EXISTS `teacher`;
CREATE TABLE `teacher`  (
  `userID` int(11) NOT NULL AUTO_INCREMENT COMMENT '教师Id/教师编号',
  `userName` varchar(200) CHARACTER SET utf8 COLLATE utf8_general_ci NOT NULL COMMENT '姓名',
  `sex` varchar(20) CHARACTER SET utf8 COLLATE utf8_general_ci NULL DEFAULT NULL COMMENT '性别',
  `birthYear` date NOT NULL COMMENT '出生年份',
  `degree` varchar(20) CHARACTER SET utf8 COLLATE utf8_general_ci NULL DEFAULT NULL COMMENT '学历',
  `title` varchar(255) CHARACTER SET utf8 COLLATE utf8_general_ci NULL DEFAULT NULL COMMENT '职称',
  `grade` date NULL DEFAULT NULL COMMENT '入职年份',
  `collegeID` int(11) NOT NULL COMMENT '所属院系Id',
  PRIMARY KEY (`userID`) USING BTREE,
  INDEX `collegeID`(`collegeID`) USING BTREE
) ENGINE = InnoDB AUTO_INCREMENT = 1012 CHARACTER SET = utf8 COLLATE = utf8_general_ci ROW_FORMAT = Dynamic;

-- ----------------------------
-- Records of teacher
-- ----------------------------
INSERT INTO `teacher` VALUES (1001, '张老师', '男', '1880-11-02', '本科', '普通教师', '2022-11-02', 1);
INSERT INTO `teacher` VALUES (1002, '李老师', '女', '1881-11-02', '硕士', '助教', '2022-11-02', 2);
INSERT INTO `teacher` VALUES (1003, '刘老师', '女', '1882-11-02', '博士', '讲师', '2022-11-02', 3);
INSERT INTO `teacher` VALUES (1004, '王老师', '男', '1883-11-02', '本科', '副教授', '2022-11-02', 4);
INSERT INTO `teacher` VALUES (1005, '白老师', '女', '1990-11-02', '本科', '教授', '2022-11-02', 5);
INSERT INTO `teacher` VALUES (1006, '徐老师', '男', '1885-11-02', '本科', '普通教师', '2022-11-02', 6);
INSERT INTO `teacher` VALUES (1007, '苏老师', '女', '1888-11-02', '本科', '普通教师', '2022-11-02', 7);
INSERT INTO `teacher` VALUES (1008, '赵老师', '男', '1886-11-02', '本科', '教授', '2022-11-02', 8);
INSERT INTO `teacher` VALUES (1009, '牛老师', '男', '1884-11-02', '博士', '副教授', '2022-11-02', 9);
INSERT INTO `teacher` VALUES (1010, '马老师', '男', '1881-11-02', '本科', '普通教师', '2022-11-02', 10);
INSERT INTO `teacher` VALUES (1011, '寇老师', '女', '1886-11-02', '本科', '副教授', '2022-11-02', 11);

-- ----------------------------
-- Table structure for userlogin
-- ----------------------------
DROP TABLE IF EXISTS `userlogin`;
CREATE TABLE `userlogin`  (
  `userID` int(11) NOT NULL AUTO_INCREMENT COMMENT '用户Id',
  `userName` varchar(200) CHARACTER SET utf8 COLLATE utf8_general_ci NOT NULL COMMENT '用户名',
  `password` varchar(200) CHARACTER SET utf8 COLLATE utf8_general_ci NOT NULL COMMENT '密码',
  `role` int(11) NOT NULL DEFAULT 2 COMMENT '角色 0：管理员 1：教师 2：学生',
  PRIMARY KEY (`userID`) USING BTREE,
  INDEX `role`(`role`) USING BTREE
) ENGINE = InnoDB AUTO_INCREMENT = 48 CHARACTER SET = utf8 COLLATE = utf8_general_ci ROW_FORMAT = Dynamic;

-- ----------------------------
-- Records of userlogin
-- ----------------------------
INSERT INTO `userlogin` VALUES (1, 'admin', 'admin', 0);
INSERT INTO `userlogin` VALUES (23, '10001', '10001', 2);
INSERT INTO `userlogin` VALUES (24, '10002', '10002', 2);
INSERT INTO `userlogin` VALUES (25, '10003', '10003', 2);
INSERT INTO `userlogin` VALUES (26, '10004', '10004', 2);
INSERT INTO `userlogin` VALUES (27, '10005', '10005', 2);
INSERT INTO `userlogin` VALUES (28, '10006', '10006', 2);
INSERT INTO `userlogin` VALUES (29, '10007', '10007', 2);
INSERT INTO `userlogin` VALUES (30, '10008', '10008', 2);
INSERT INTO `userlogin` VALUES (31, '10009', '10009', 2);
INSERT INTO `userlogin` VALUES (32, '10010', '10010', 2);
INSERT INTO `userlogin` VALUES (33, '10011', '10011', 2);
INSERT INTO `userlogin` VALUES (34, '10012', '10012', 2);
INSERT INTO `userlogin` VALUES (35, '10013', '10013', 2);
INSERT INTO `userlogin` VALUES (36, '10014', '10014', 2);
INSERT INTO `userlogin` VALUES (37, '1001', '1001', 1);
INSERT INTO `userlogin` VALUES (38, '1002', '1002', 1);
INSERT INTO `userlogin` VALUES (39, '1003', '1003', 1);
INSERT INTO `userlogin` VALUES (40, '1004', '1004', 1);
INSERT INTO `userlogin` VALUES (41, '1005', '1005', 1);
INSERT INTO `userlogin` VALUES (42, '1006', '1006', 1);
INSERT INTO `userlogin` VALUES (43, '1007', '1007', 1);
INSERT INTO `userlogin` VALUES (44, '1008', '1008', 1);
INSERT INTO `userlogin` VALUES (45, '1009', '1009', 1);
INSERT INTO `userlogin` VALUES (46, '1010', '1010', 1);
INSERT INTO `userlogin` VALUES (47, '1011', '1011', 1);

SET FOREIGN_KEY_CHECKS = 1;
